Time,data
144.79,4.65147590637207
144.79,4.651440143585205
144.82,4.651396751403809
144.88,4.651341438293457
144.91,4.651310920715332
144.93,4.651298522949219
144.96,4.65127420425415
144.99,4.651252746582031
145.04,4.651216983795166
145.08,4.651165008544922
145.13,4.651132106781006
145.14,4.651105880737305
145.15,4.651086807250977
145.2,4.651046276092529
145.24,4.651005744934082
145.28,4.650970935821533
145.34,4.650914669036865
145.39,4.65086030960083
145.42,4.6508378982543945
145.46,4.650805473327637
145.52,4.650747299194336
145.56,4.650712490081787
145.57,4.650691032409668
145.6,4.650681972503662
145.64,4.650635242462158
145.68,4.650600433349609
145.73,4.650572776794434
145.77,4.6505231857299805
145.81,4.650465965270996
145.85,4.650430679321289
145.87,4.6504106521606445
145.9,4.6504011154174805
145.93,4.650375843048096
145.98,4.650320053100586
146.02,4.6502885818481445
146.03,4.650263786315918
146.05,4.650240898132324
146.09,4.650200366973877
146.13,4.650176048278809
146.19,4.650129318237305
146.23,4.65009880065918
146.26,4.650065898895264
146.32,4.650010585784912
146.36,4.649959564208984
146.37,4.6499552726745605
146.4,4.649925231933594
146.43,4.649895668029785
146.48,4.649848937988281
146.52,4.649812698364258
146.56,4.649785041809082
146.6,4.649737358093262
146.64,4.649699687957764
146.69,4.64967155456543
146.74,4.649615287780762
146.79,4.649560451507568
146.82,4.64953088760376
146.86,4.649503231048584
146.9,4.649453163146973
146.94,4.649418830871582
147.0,4.649390697479248
147.04,4.649333953857422
147.07,4.649285316467285
147.09,4.649277210235596
147.11,4.649250507354736
147.15,4.6492204666137695
147.2,4.649174690246582
147.25,4.649138927459717
147.28,4.649110317230225
147.34,4.649052143096924
147.39,4.6490068435668945
147.4,4.6489973068237305
147.42,4.6489691734313965
147.45,4.6489458084106445
147.5,4.648890495300293
147.54,4.648857116699219
147.56,4.648834228515625
147.58,4.648826599121094
147.62,4.648777961730957
147.66,4.648741245269775
147.7,4.646821975708008
147.75,4.6375732421875
147.79,4.615246772766113
147.83,4.597509384155273
147.85,4.588173866271973
147.88,4.578617572784424
147.92,4.55908203125
147.96,4.538983345031738
148.01,4.518935203552246
148.05,4.498952388763428
148.1,4.469085216522217
148.14,4.449202060699463
148.16,4.439199447631836
148.17,4.4291276931762695
148.21,4.4088311195373535
148.27,4.388690948486328
148.3,4.369046211242676
148.34,4.349671363830566
148.4,4.320470809936523
148.43,4.300985336303711
148.45,4.291571617126465
148.48,4.282370567321777
148.52,4.265045166015625
148.56,4.2478227615356445
148.59,4.23023796081543
148.65,4.203407287597656
148.69,4.185214042663574
148.71,4.1760454177856445
148.73,4.166857719421387
148.77,4.148497581481934
148.83,4.13016414642334
148.86,4.111559867858887
148.91,4.092755317687988
148.95,4.0738115310668945
148.98,4.055075645446777
149.04,4.025389671325684
149.09,3.994734048843384
149.12,3.986438035964966
149.14,3.9723892211914062
149.19,3.965803861618042
149.19,3.95554780960083
149.24,3.9520795345306396
149.28,3.9303319454193115
149.31,3.9140231609344482
149.35,3.8966152667999268
149.4,3.878136396408081
149.45,3.858798027038574
149.49,3.8341403007507324
149.54,3.809370994567871
149.58,3.7904677391052246
149.59,3.7809743881225586
149.61,3.7664828300476074
149.65,3.7472071647644043
149.71,3.7329556941986084
149.74,3.714153289794922
149.79,3.695399522781372
149.84,3.666802406311035
149.88,3.6475048065185547
149.9,3.637803792953491
149.91,3.6283864974975586
149.96,3.611367702484131
150.0,3.595338821411133
150.05,3.5798277854919434
150.09,3.564364433288574
150.13,3.5412352085113525
150.18,3.5254762172698975
150.2,3.517643451690674
150.22,3.509969711303711
150.25,3.4960007667541504
150.31,3.4835076332092285
150.35,3.4716691970825195
150.39,3.4590396881103516
150.44,3.439006805419922
150.46,3.4319839477539062
150.48,3.424859046936035
150.51,3.4103682041168213
150.56,3.395601272583008
150.61,3.3806633949279785
150.65,3.3656508922576904
150.69,3.3430943489074707
150.73,3.3281021118164062
150.76,3.3206470012664795
150.78,3.3132081031799316
150.82,3.2983765602111816
150.86,3.2835607528686523
150.91,3.268782377243042
150.95,3.2540206909179688
151.0,3.241690158843994
151.04,3.2210493087768555
151.08,3.207636833190918
151.09,3.201033592224121
151.11,3.1944756507873535
151.15,3.181414842605591
151.19,3.1680328845977783
151.24,3.154355764389038
151.29,3.143559217453003
151.33,3.1312756538391113
151.38,3.1111531257629395
151.42,3.0977182388305664
151.44,3.090991258621216
151.45,3.0842480659484863
151.48,3.077418327331543
151.54,3.0634782314300537
151.57,3.0480008125305176
151.63,3.0345282554626465
151.63,3.027578830718994
151.66,3.0206944942474365
151.69,3.0074095726013184
151.73,2.9945497512817383
151.77,2.9820921421051025
151.82,2.972109794616699
151.87,2.9650673866271973
151.92,2.9489994049072266
151.96,2.937610626220703
151.98,2.9321460723876953
151.99,2.9268298149108887
152.04,2.9165165424346924
152.08,2.9064865112304688
152.13,2.8983888626098633
152.16,2.8925344944000244
152.21,2.8859360218048096
152.26,2.875516414642334
152.3,2.859384059906006
152.34,2.8492918014526367
152.36,2.8445820808410645
152.38,2.8400402069091797
152.42,2.8319251537323
152.46,2.826655864715576
152.5,2.8210175037384033
152.55,2.813713312149048
152.59,2.799651622772217
152.63,2.794964551925659
152.64,2.790262460708618
152.68,2.7808213233947754
152.72,2.771273612976074
152.77,2.7655887603759766
152.82,2.759474277496338
152.86,2.747591733932495
152.91,2.7378087043762207
152.92,2.7330033779144287
152.92,2.728233814239502
152.97,2.723496437072754
153.01,2.7117676734924316
153.05,2.706831455230713
153.08,2.7042834758758545
153.09,2.701752185821533
153.13,2.6967225074768066
153.18,2.6883749961853027
153.22,2.6803104877471924
153.27,2.672433853149414
153.31,2.6644949913024902
153.35,2.660470962524414
153.4,2.6568212509155273
153.44,2.649224281311035
153.48,2.6432104110717773
153.49,2.6400551795959473
153.51,2.6368508338928223
153.55,2.6304330825805664
153.6,2.6226577758789062
153.64,2.618103265762329
153.69,2.610795259475708
153.73,2.6040868759155273
153.78,2.5941219329833984
153.81,2.586761236190796
153.84,2.5829601287841797
153.86,2.579244613647461
153.9,2.572077751159668
153.95,2.565098762512207
153.98,2.5579299926757812
154.04,2.5468976497650146
154.09,2.541006326675415
154.09,2.5380771160125732
154.11,2.5351572036743164
154.15,2.5295543670654297
154.19,2.5248661041259766
154.24,2.519723892211914
154.29,2.516767978668213
154.34,2.5108747482299805
154.37,2.5060808658599854
154.42,2.500363826751709
154.46,2.4935569763183594
154.5,2.485433340072632
154.55,2.4775662422180176
154.58,2.4698874950408936
154.63,2.457477331161499
154.69,2.4439473152160645
154.71,2.4399642944335938
154.76,2.4329090118408203
154.8,2.4266722202301025
154.84,2.4220781326293945
154.88,2.4186980724334717
154.92,2.4161133766174316
154.97,2.413398265838623
155.03,2.4089338779449463
155.07,2.4033899307250977
155.09,2.401549816131592
155.14,2.3992624282836914
155.18,2.3979849815368652
155.22,2.397233724594116
155.27,2.3962528705596924
155.32,2.3936667442321777
155.36,2.3915200233459473
155.37,2.390366792678833
155.4,2.389127492904663
155.45,2.386427164077759
155.48,2.383528709411621
155.54,2.3797898292541504
155.58,2.372488260269165
155.63,2.3629019260406494
155.65,2.3600656986236572
155.69,2.3574559688568115
155.73,2.350654363632202
155.79,2.3485374450683594
155.82,2.3485798835754395
155.84,2.348842144012451
155.89,2.348869800567627
155.93,2.3484625816345215
155.96,2.3482980728149414
155.98,2.348193645477295
156.01,2.348132371902466
156.05,2.347694158554077
156.11,2.3459231853485107
156.11,2.344717025756836
156.14,2.3433804512023926
156.18,2.3387534618377686
156.22,2.332291603088379
156.27,2.325033187866211
156.3,2.317786693572998
156.34,2.3105430603027344
156.4,2.30214786529541
156.44,2.297837495803833
156.46,2.2950611114501953
156.48,2.2942709922790527
156.51,2.291769027709961
156.55,2.289804458618164
156.61,2.2890992164611816
156.65,2.289151191711426
156.69,2.289600372314453
156.74,2.2903881072998047
156.79,2.2908008098602295
156.79,2.2910239696502686
156.82,2.2913870811462402
156.85,2.2924108505249023
156.88,2.2936344146728516
156.94,2.2944769859313965
156.98,2.2949790954589844
157.02,2.2950892448425293
157.08,2.29437255859375
157.12,2.291828155517578
157.14,2.2890264987945557
157.16,2.285499334335327
157.19,2.276944637298584
157.24,2.2676708698272705
157.29,2.2582154273986816
157.32,2.247990846633911
157.36,2.239564895629883
157.41,2.2324609756469727
157.46,2.2271907329559326
157.5,2.221186876296997
157.55,2.2180371284484863
157.57,2.2173666954040527
157.61,2.216904401779175
157.66,2.2164745330810547
157.7,2.2164413928985596
157.74,2.2173867225646973
157.76,2.2180635929107666
157.78,2.218820095062256
157.81,2.220444679260254
157.86,2.2220311164855957
157.9,2.223355531692505
157.96,2.2245726585388184
158.0,2.2258083820343018
158.05,2.2265820503234863
158.07,2.226811408996582
158.11,2.227257490158081
158.16,2.2276248931884766
158.2,2.2278873920440674
158.24,2.2280967235565186
158.28,2.2283060550689697
158.33,2.2285335063934326
158.38,2.2289023399353027
158.43,2.2291595935821533
158.44,2.229292154312134
158.45,2.2294209003448486
158.49,2.229548454284668
158.54,2.229933261871338
158.58,2.230187177658081
158.59,2.230379819869995
158.61,2.230440616607666
158.65,2.230698347091675
158.71,2.2309536933898926
158.75,2.231207847595215
158.79,2.231461763381958
158.83,2.2317187786102295
158.88,2.232100248336792
158.91,2.232353925704956
158.94,2.232482433319092
158.96,2.2326104640960693
158.99,2.2328665256500244
159.04,2.2331206798553467
159.1,2.23350191116333
159.13,2.233757257461548
159.18,2.2340142726898193
159.23,2.234269618988037
159.28,2.234649181365967
159.32,2.2349066734313965
159.34,2.2350335121154785
159.34,2.2351608276367188
159.4,2.235414981842041
159.45,2.2356715202331543
159.49,2.2359256744384766
159.53,2.2363104820251465
159.57,2.236564874649048
159.6,2.236693859100342
159.62,2.23681902885437
159.66,2.2370758056640625
159.7,2.237328052520752
159.76,2.2375857830047607
159.79,2.2378430366516113
159.84,2.2382256984710693
159.88,2.238478183746338
159.9,2.2386066913604736
159.92,2.238734483718872
159.96,2.238990068435669
160.01,2.2393078804016113
160.05,2.2395005226135254
160.09,2.239755630493164
160.14,2.240137815475464
160.19,2.2403953075408936
160.2,2.240520477294922
160.21,2.2406458854675293
160.26,2.2409024238586426
160.3,2.2411623001098633
160.36,2.2414140701293945
160.39,2.241671562194824
160.44,2.242053985595703
160.48,2.242306709289551
160.49,2.242435932159424
160.51,2.2425625324249268
160.55,2.242820978164673
160.6,2.243074893951416
160.64,2.243330478668213
160.69,2.243586301803589
160.73,2.243842363357544
160.77,2.244096040725708
160.82,2.244349956512451
160.86,2.2447352409362793
160.91,2.2451205253601074
160.94,2.245248794555664
160.98,2.2455029487609863
161.03,2.2457571029663086
161.08,2.246013641357422
161.11,2.24639630317688
161.15,2.246652126312256
161.17,2.2467806339263916
161.2,2.2469065189361572
161.23,2.247162342071533
161.28,2.247415542602539
161.33,2.2476754188537598
161.36,2.2479305267333984
161.41,2.248185634613037
161.45,2.2485694885253906
161.49,2.2522318363189697
161.51,2.2553892135620117
161.53,2.2589335441589355
161.57,2.2679405212402344
161.62,2.2817111015319824
161.67,2.298999309539795
161.71,2.3185484409332275
161.76,2.3364267349243164
161.8,2.3703207969665527
161.85,2.398529291152954
161.86,2.4088077545166016
161.88,2.419128894805908
161.91,2.4522342681884766
161.96,2.4837918281555176
162.01,2.5192084312438965
162.05,2.5606346130371094
162.09,2.6295342445373535
162.14,2.6754310131073
162.15,2.7021334171295166
162.18,2.7301576137542725
162.22,2.784851551055908
162.26,2.8438873291015625
162.31,2.9100751876831055
162.34,2.975985050201416
162.39,3.0457305908203125
162.44,3.1511311531066895
162.48,3.222372055053711
162.49,3.257935047149658
162.52,3.2938995361328125
162.56,3.3699703216552734
162.6,3.452061176300049
162.65,3.537017583847046
162.69,3.6305248737335205
162.74,3.779165744781494
162.78,3.8888156414031982
162.78,3.945329427719116
162.81,4.002654075622559
162.85,4.119617938995361
162.9,4.238818168640137
162.95,4.3593878746032715
162.98,4.4815497398376465
163.04,4.6055216789245605
163.08,4.803011417388916
163.12,4.934479713439941
163.14,4.998925685882568
163.15,5.062943458557129
163.19,5.181665897369385
163.24,5.280378818511963
163.29,5.352397918701172
163.33,5.408745765686035
163.38,5.48288631439209
163.42,5.534321308135986
163.43,5.563261032104492
163.45,5.594093322753906
163.5,5.658435344696045
163.54,5.726200580596924
163.58,5.799765110015869
163.63,5.878355026245117
163.67,5.961850643157959
163.72,6.101247787475586
163.77,6.247582912445068
163.8,6.34002685546875
163.84,6.339419841766357
163.88,6.4661946296691895
163.92,6.55014181137085
163.93,6.594133377075195
163.95,6.6395463943481445
163.99,6.734829425811768
164.04,6.833784103393555
164.09,6.931784152984619
164.13,7.031290054321289
164.17,7.131620407104492
164.21,7.23440408706665
164.25,7.3872809410095215
164.31,7.489532947540283
164.32,7.540829658508301
164.34,7.591207027435303
164.37,7.689759731292725
164.42,7.783995628356934
164.47,7.87637186050415
164.5,7.968894004821777
164.55,8.060796737670898
164.6,8.192157745361328
164.64,8.277043342590332
164.66,8.319406509399414
164.67,8.361837387084961
164.71,8.404138565063477
164.76,8.529317855834961
164.82,8.657176971435547
164.84,8.701101303100586
164.87,8.788296699523926
164.93,8.873563766479492
164.97,8.961453437805176
165.02,9.097623825073242
165.07,9.187923431396484
165.08,9.232826232910156
165.1,9.279287338256836
165.13,9.375423431396484
165.18,9.466937065124512
165.22,9.556526184082031
165.26,9.646166801452637
165.31,9.731684684753418
165.35,9.813993453979492
165.39,9.935667991638184
165.44,10.019499778747559
165.45,10.062712669372559
165.48,10.105917930603027
165.51,10.14894962310791
165.55,10.234315872192383
165.6,10.36092758178711
165.64,10.440791130065918
165.65,10.480328559875488
165.67,10.519210815429688
165.72,10.55742359161377
165.76,10.667951583862305
165.81,10.742391586303711
165.81,10.780640602111816
165.84,10.819665908813477
165.88,10.898781776428223
165.91,10.977641105651855
165.97,11.062704086303711
166.0,11.144983291625977
166.06,11.267507553100586
166.1,11.349376678466797
166.12,11.390046119689941
166.13,11.430245399475098
166.18,11.509639739990234
166.22,11.587030410766602
166.27,11.665709495544434
166.31,11.745269775390625
166.36,11.860602378845215
166.39,11.944950103759766
166.42,11.988850593566895
166.44,12.032258987426758
166.48,12.11807918548584
166.52,12.29631519317627
166.57,12.288599967956543
166.61,12.423919677734375
166.67,12.513545989990234
166.68,12.555306434631348
166.69,12.596336364746094
166.74,12.677804946899414
166.78,12.761210441589355
166.82,12.850448608398438
166.87,12.942924499511719
166.9,13.031161308288574
166.95,13.11790657043457
167.0,13.205916404724121
167.04,13.338430404663086
167.08,13.426302909851074
167.09,13.470686912536621
167.11,13.515278816223145
167.16,13.55952262878418
167.2,13.681879043579102
167.24,13.760489463806152
167.26,13.800606727600098
167.27,13.841086387634277
167.32,13.881975173950195
167.35,13.997313499450684
167.4,14.076346397399902
167.42,14.115959167480469
167.44,14.156704902648926
167.46,14.198745727539062
167.51,14.282504081726074
167.56,14.405942916870117
167.61,14.487975120544434
167.62,14.529252052307129
167.63,14.56777286529541
167.67,14.640707969665527
167.72,14.712616920471191
167.77,14.788588523864746
167.81,14.86443042755127
167.85,14.983478546142578
167.9,15.062762260437012
167.92,15.102386474609375
167.94,15.142169952392578
167.97,15.221738815307617
168.03,15.30173397064209
168.08,15.383012771606445
168.12,15.502103805541992
168.16,15.585902214050293
168.19,15.629104614257812
168.2,15.672906875610352
168.23,15.759292602539062
168.27,15.840520858764648
168.32,15.879037857055664
168.37,15.992403984069824
168.41,16.06998062133789
168.42,16.111316680908203
168.44,16.153339385986328
168.48,16.194908142089844
168.52,16.308658599853516
168.55,16.384361267089844
168.58,16.422897338867188
168.6,16.46170425415039
168.64,16.532978057861328
168.68,16.604387283325195
168.71,16.679914474487305
168.76,16.759117126464844
168.79,16.836650848388672
168.85,16.916156768798828
168.89,16.993785858154297
168.93,17.106571197509766
168.99,17.182397842407227
169.0,17.220340728759766
169.0,17.256824493408203
169.06,17.291812896728516
169.09,17.393226623535156
169.14,17.46136474609375
169.15,17.49732208251953
169.18,17.53461265563965
169.22,17.744564056396484
169.27,17.680892944335938
169.32,17.75422477722168
169.35,17.86311912536621
169.39,17.942312240600586
169.42,17.982847213745117
169.44,18.02391815185547
169.48,18.109264373779297
169.52,18.190664291381836
169.57,18.263362884521484
169.62,18.369733810424805
169.65,18.44110870361328
169.68,18.477876663208008
169.7,18.515396118164062
169.73,18.58743667602539
169.78,18.6549129486084
169.83,18.716081619262695
169.87,18.779447555541992
169.91,18.87973976135254
169.97,18.951108932495117
169.98,18.98672866821289
170.0,19.022708892822266
170.04,19.096778869628906
170.08,19.17082977294922
170.13,19.24148941040039
170.17,19.307870864868164
170.22,19.40583038330078
170.26,19.474374771118164
170.28,19.50958824157715
170.3,19.545303344726562
170.34,19.580821990966797
170.38,19.684656143188477
170.42,19.74911880493164
170.42,19.799476623535156
170.45,19.834091186523438
170.5,19.90241241455078
170.55,19.952299118041992
170.59,20.017433166503906
170.63,20.083518981933594
170.67,20.152545928955078
170.72,20.25001335144043
170.76,20.317642211914062
170.77,20.352903366088867
170.8,20.389005661010742
170.84,20.425827026367188
170.88,20.538291931152344
170.92,20.605318069458008
170.93,20.636198043823242
170.96,20.667261123657227
170.99,20.730758666992188
171.03,20.792259216308594
171.08,20.821374893188477
171.13,20.908161163330078
171.17,20.971593856811523
171.18,21.0062313079834
171.2,21.0417423248291
171.24,21.110797882080078
171.28,21.177753448486328
171.33,21.24204444885254
171.37,21.30556869506836
171.42,21.40098762512207
171.46,21.464872360229492
171.47,21.498600006103516
171.49,21.533302307128906
171.53,21.59910011291504
171.58,21.661052703857422
171.63,21.714927673339844
171.67,21.768474578857422
171.7,21.826129913330078
171.75,21.914403915405273
171.8,21.977705001831055
171.82,22.01032066345215
171.84,22.042810440063477
171.88,22.106374740600586
171.93,22.165359497070312
171.97,22.224990844726562
172.0,22.286592483520508
172.06,22.554847717285156
172.1,22.451778411865234
172.11,22.483022689819336
172.13,22.50771141052246
172.17,22.529823303222656
172.21,22.603740692138672
172.26,22.661026000976562
172.27,22.691091537475586
172.29,22.72184944152832
172.34,22.7872371673584
172.38,22.855247497558594
172.42,22.921113967895508
172.46,22.985733032226562
172.52,23.046947479248047
172.55,23.13165855407715
172.6,23.185073852539062
172.61,23.211788177490234
172.64,23.23866844177246
172.69,23.29283332824707
172.73,23.349294662475586
172.77,23.398208618164062
172.81,23.449756622314453
172.85,23.533689498901367
172.89,23.58795928955078
172.92,23.787456512451172
172.94,23.645009994506836
172.98,23.674406051635742
173.03,23.712862014770508
173.07,23.752927780151367
173.11,23.795032501220703
173.16,23.85702133178711
173.2,23.896459579467773
173.21,23.917144775390625
173.24,23.93852996826172
173.27,23.960477828979492
173.32,24.03092384338379
173.36,24.082700729370117
173.38,24.109115600585938
173.39,24.131328582763672
173.44,24.170963287353516
173.48,24.211870193481445
173.53,24.253328323364258
173.57,24.320068359375
173.62,24.542991638183594
173.64,24.385570526123047
173.66,24.404909133911133
173.7,24.453161239624023
173.74,24.491697311401367
173.79,24.519567489624023
173.83,24.5556583404541
173.88,24.611225128173828
173.92,24.64319610595703
173.94,24.660036087036133
173.96,24.678300857543945
174.0,24.71530532836914
174.04,24.755125045776367
174.09,24.796945571899414
174.13,24.827638626098633
174.18,24.87571907043457
174.22,24.909671783447266
174.24,24.92753028869629
174.26,24.94601058959961
174.3,24.972684860229492
174.35,24.999040603637695
174.39,25.026992797851562
174.43,25.057950973510742
174.48,25.106891632080078
174.52,25.136699676513672
174.53,25.150291442871094
174.56,25.164501190185547
174.6,25.19472885131836
174.63,25.228981018066406
174.69,25.258670806884766
174.72,25.28880500793457
174.77,25.341854095458984
174.81,25.37053871154785
174.84,25.3858585357666
174.85,25.40178108215332
174.9,25.417407989501953
174.94,25.47199058532715
174.98,25.495040893554688
175.0,25.51038932800293
175.01,25.526180267333984
175.05,25.558862686157227
175.1,25.59076499938965
175.14,25.622825622558594
175.19,25.673595428466797
175.24,25.70867156982422
175.25,25.725767135620117
175.28,25.740612030029297
175.32,25.755373001098633
175.36,25.79661750793457
175.4,25.822965621948242
175.41,25.836748123168945
175.43,25.850839614868164
175.48,25.881778717041016
175.52,25.914939880371094
175.56,25.94952964782715
175.61,26.160728454589844
175.66,26.020158767700195
175.7,26.050771713256836
175.71,26.061887741088867
175.73,26.070144653320312
175.78,26.08733558654785
175.82,26.107410430908203
175.87,26.131242752075195
175.91,26.162263870239258
175.96,26.201473236083984
175.99,26.435209274291992
176.03,26.27888298034668
176.06,26.295244216918945
176.07,26.30846405029297
176.12,26.330846786499023
176.16,26.360092163085938
176.2,26.393619537353516
176.25,26.424070358276367
176.29,26.456268310546875
176.33,26.50645637512207
176.38,26.73196029663086
176.4,26.559328079223633
176.41,26.578506469726562
176.46,26.617483139038086
176.49,26.648069381713867
176.54,26.677093505859375
176.59,26.707517623901367
176.62,26.739219665527344
176.67,26.966495513916016
176.72,26.827756881713867
176.76,26.863502502441406
176.78,27.0710391998291
176.79,26.88628578186035
176.84,26.907121658325195
176.89,26.930747985839844
176.93,26.957929611206055
176.97,27.007183074951172
177.02,27.044954299926758
177.03,27.06304931640625
177.06,27.07695770263672
177.1,27.10489845275879
177.13,27.133935928344727
177.19,27.16379737854004
177.23,27.19647216796875
177.26,27.23126983642578
177.32,27.278766632080078
177.36,27.30459213256836
177.37,27.316974639892578
177.4,27.328903198242188
177.44,27.35313606262207
177.48,27.378416061401367
177.52,27.40704345703125
177.56,27.44023895263672
177.61,27.478954315185547
177.66,27.546937942504883
177.7,27.593671798706055
177.72,27.614765167236328
177.73,27.636056900024414
177.78,27.656551361083984
177.82,27.712005615234375
177.87,27.76092529296875
177.9,27.77614402770996
177.93,27.80348014831543
177.99,27.829105377197266
178.03,27.855863571166992
178.07,27.880084991455078
178.11,27.904312133789062
178.15,27.923198699951172
178.17,27.933517456054688
178.2,27.9443302154541
178.24,27.96533203125
178.28,27.988283157348633
178.32,28.01397705078125
178.38,28.0447998046875
178.42,28.063997268676758
178.43,28.074949264526367
178.46,28.086400985717773
178.5,28.11003303527832
178.54,28.1340389251709
178.59,28.157445907592773
178.62,28.180116653442383
178.67,28.21341896057129
178.71,28.234949111938477
178.74,28.24502182006836
178.76,28.26030158996582
178.79,28.27592658996582
178.85,28.299198150634766
178.89,28.32335090637207
178.92,28.55454444885254
178.97,28.381860733032227
179.02,28.40903091430664
179.06,28.41823959350586
179.07,28.42475700378418
179.1,28.433151245117188
179.14,28.454824447631836
179.18,28.481895446777344
179.22,28.51253318786621
179.26,28.541786193847656
179.31,28.57042694091797
179.36,28.61138916015625
179.4,28.638084411621094
179.41,28.650598526000977
179.43,28.662445068359375
179.47,28.67344093322754
179.52,28.699628829956055
179.57,28.726680755615234
179.59,28.73834991455078
179.63,28.751365661621094
179.67,28.791057586669922
179.72,28.81045150756836
179.73,28.82050132751465
179.76,28.830432891845703
179.8,28.84960174560547
179.84,28.86705780029297
179.89,28.882064819335938
179.93,28.896194458007812
179.98,28.91855812072754
180.03,28.945344924926758
180.06,28.952993392944336
180.09,28.96097755432129
180.14,28.984254837036133
180.19,28.9985408782959
180.19,29.005292892456055
180.22,29.012760162353516
180.26,29.029891967773438
180.3,29.050334930419922
180.35,29.073028564453125
180.39,29.089519500732422
180.44,29.108261108398438
180.48,29.120685577392578
180.5,29.12708282470703
180.51,29.13442611694336
180.55,29.14282989501953
180.6,29.16440773010254
180.64,29.171316146850586
180.66,29.176095962524414
180.68,29.183229446411133
180.72,29.197568893432617
180.77,29.208986282348633
180.81,29.218914031982422
180.86,29.245542526245117
180.89,29.250659942626953
180.91,29.254308700561523
180.93,29.258771896362305
180.97,29.26944351196289
181.02,29.280094146728516
181.05,29.291812896728516
181.11,29.305959701538086
181.15,29.316755294799805
181.2,29.32290267944336
181.24,29.32834815979004
181.26,29.33084487915039
181.27,29.33342742919922
181.31,29.33954620361328
181.36,29.349864959716797
181.4,29.362464904785156
181.45,29.373737335205078
181.48,29.380090713500977
181.52,29.38618278503418
181.57,29.393796920776367
181.61,29.4013671875
181.66,29.417085647583008
181.7,29.430387496948242
181.71,29.430208206176758
181.74,29.430496215820312
181.78,29.43140411376953
181.82,29.640928268432617
181.85,29.441030502319336
181.88,29.44298553466797
181.9,29.444576263427734
181.95,29.44078826904297
181.99,29.438936233520508
182.04,29.43621826171875
182.08,29.429725646972656
182.12,29.428333282470703
182.13,29.428401947021484
182.14,29.429967880249023
182.21,29.431875228881836
182.23,29.44090461730957
182.26,29.446062088012695
182.28,29.4512939453125
182.32,29.45199203491211
182.38,29.451078414916992
182.42,29.455642700195312
182.45,29.458877563476562
182.48,29.459699630737305
182.5,29.46053123474121
182.53,29.46186637878418
182.58,29.46518325805664
182.63,29.473405838012695
182.68,29.471210479736328
182.71,29.464731216430664
182.77,29.458078384399414
182.79,29.456268310546875
182.84,29.45330810546875
182.88,29.45110511779785
182.88,29.448577880859375
182.92,29.443025588989258
182.97,29.44015121459961
183.02,29.441776275634766
183.06,29.438533782958984
183.1,29.431926727294922
183.12,29.429838180541992
183.13,29.429424285888672
183.17,29.42795181274414
183.22,29.4300594329834
183.26,29.635112762451172
183.3,29.43012046813965
183.34,29.4151611328125
183.38,29.4028377532959
183.44,29.390050888061523
183.49,29.384737014770508
183.52,29.380460739135742
183.56,29.374204635620117
183.61,29.37064552307129
183.64,29.3697566986084
183.69,29.372928619384766
183.73,29.370561599731445
183.78,29.36041259765625
183.82,29.354345321655273
183.84,29.35239601135254
183.86,29.349924087524414
183.89,29.34591293334961
183.95,29.34784698486328
184.0,29.33538818359375
184.04,29.327526092529297
184.06,29.325275421142578
184.07,29.32198143005371
184.11,29.313100814819336
184.15,29.305404663085938
184.21,29.298913955688477
184.25,29.293926239013672
184.29,29.285442352294922
184.33,29.268695831298828
184.39,29.2564754486084
184.39,29.2541446685791
184.42,29.250038146972656
184.46,29.247314453125
184.5,29.241384506225586
184.54,29.228654861450195
184.55,29.221858978271484
184.57,29.215835571289062
184.61,29.206748962402344
184.66,29.19904136657715
184.7,29.19611167907715
184.74,29.183305740356445
184.78,29.362018585205078
184.82,29.151716232299805
184.87,29.126893997192383
184.92,29.105236053466797
184.94,29.094825744628906
184.94,29.077564239501953
184.99,29.062665939331055
185.04,29.034732818603516
185.08,29.02376937866211
185.1,29.018705368041992
185.11,29.013668060302734
185.16,29.004196166992188
185.19,29.00697135925293
185.25,29.00767707824707
185.28,29.00356101989746
185.33,28.999710083007812
185.37,28.9947509765625
185.42,28.98409080505371
185.46,28.971860885620117
185.47,28.965177536010742
185.5,28.959280014038086
185.54,28.946861267089844
185.58,28.92368507385254
185.63,28.902135848999023
185.68,28.881454467773438
185.72,28.854761123657227
185.77,28.83231544494629
185.79,28.827747344970703
185.83,28.816804885864258
185.89,28.800703048706055
185.92,28.785707473754883
185.96,28.77420997619629
186.02,28.756717681884766
186.06,28.746950149536133
186.08,28.744705200195312
186.09,28.743915557861328
186.14,28.741636276245117
186.19,28.72314453125
186.23,28.71047019958496
186.24,28.707921981811523
186.26,28.702674865722656
186.3,28.69165802001953
186.34,28.68070411682129
186.38,28.861032485961914
186.44,28.658580780029297
186.48,28.637361526489258
186.52,28.617631912231445
186.53,28.60805320739746
186.56,28.600393295288086
186.6,28.577077865600586
186.64,28.5599422454834
186.68,28.547807693481445
186.72,28.539369583129883
186.77,28.535634994506836
186.81,28.529586791992188
186.86,28.52073097229004
186.88,28.517927169799805
186.9,28.51538848876953
186.94,28.509305953979492
186.98,28.50068473815918
187.02,28.493764877319336
187.07,28.4874267578125
187.1,28.472997665405273
187.15,28.448528289794922
187.2,28.433204650878906
187.22,28.426809310913086
187.24,28.425737380981445
187.28,28.435733795166016
187.32,28.4577693939209
187.37,28.48285675048828
187.41,28.504627227783203
187.45,28.53350257873535
187.51,28.551380157470703
187.52,28.554630279541016
187.54,28.561002731323242
187.58,28.567337036132812
187.62,28.581050872802734
187.66,28.583955764770508
187.7,28.582080841064453
187.72,28.580297470092773
187.72,28.57896614074707
187.74,28.578500747680664
187.77,28.578617095947266
187.82,28.58033561706543
187.87,28.581697463989258
187.9,28.572298049926758
187.95,28.56786346435547
187.96,28.5667667388916
187.99,28.565385818481445
188.05,28.56315803527832
188.06,28.56231117248535
188.08,28.561372756958008
188.12,28.559803009033203
188.16,28.565868377685547
188.21,28.569000244140625
188.25,28.564064025878906
188.29,28.565614700317383
188.33,28.566762924194336
188.36,28.5683536529541
188.37,28.570913314819336
188.41,28.57518196105957
188.46,28.592390060424805
188.51,28.59684181213379
188.52,28.598386764526367
188.54,28.599584579467773
188.58,28.60133934020996
188.63,28.603431701660156
188.67,28.605688095092773
188.71,28.608972549438477
188.75,28.619155883789062
188.79,28.615074157714844
188.82,28.613727569580078
188.83,28.613147735595703
188.88,28.613067626953125
188.91,28.61446189880371
188.97,28.615989685058594
189.01,28.619638442993164
189.05,28.61992645263672
189.1,28.61682891845703
189.13,28.621593475341797
189.15,28.62649917602539
189.18,28.633472442626953
189.21,28.652385711669922
189.26,28.66414451599121
189.31,28.67504119873047
189.35,28.68575668334961
189.39,28.6960506439209
189.43,28.714895248413086
189.48,28.727399826049805
189.5,28.728530883789062
189.52,28.729736328125
189.55,28.730907440185547
189.6,28.934186935424805
189.65,28.738691329956055
189.65,28.740610122680664
189.67,28.739910125732422
189.71,28.730350494384766
189.76,28.724822998046875
189.81,28.727479934692383
189.86,28.736093521118164
189.9,28.7425594329834
189.93,28.74961280822754
189.96,28.753684997558594
189.98,28.758655548095703
190.02,28.770814895629883
190.06,28.78360366821289
190.1,28.794483184814453
190.15,28.799631118774414
190.19,28.800310134887695
190.21,28.799957275390625
190.23,28.799362182617188
190.28,28.798887252807617
190.32,28.80222511291504
190.36,28.807659149169922
190.41,29.006961822509766
190.45,28.804670333862305
190.49,28.800382614135742
190.54,28.7833309173584
190.58,28.781566619873047
190.6,28.783092498779297
190.61,28.78599739074707
190.65,28.786773681640625
190.7,28.799137115478516
190.74,28.821128845214844
190.78,28.847261428833008
190.82,28.873245239257812
190.87,28.90741539001465
190.91,28.928173065185547
190.94,28.938373565673828
190.96,28.948383331298828
191.0,28.957656860351562
191.04,28.978519439697266
191.09,28.9860782623291
191.1,28.989234924316406
191.11,28.992103576660156
191.15,28.994890213012695
191.2,29.005470275878906
191.24,29.01658058166504
191.26,29.023103713989258
191.27,29.024208068847656
191.31,29.025320053100586
191.35,29.03174591064453
191.41,29.04141616821289
191.44,29.047611236572266
191.49,29.051156997680664
191.54,29.068376541137695
191.58,29.06736946105957
191.59,29.06972885131836
191.62,29.074771881103516
191.66,29.08273696899414
191.7,29.087818145751953
191.75,29.093311309814453
191.78,29.108856201171875
191.83,29.111703872680664
191.87,29.115903854370117
191.92,29.130556106567383
191.97,29.1375789642334
191.98,29.142541885375977
192.0,29.14418601989746
192.04,29.154277801513672
192.08,29.169239044189453
192.13,29.181686401367188
192.17,29.192211151123047
192.21,29.20626449584961
192.25,29.218978881835938
192.28,29.22368621826172
192.29,29.2259464263916
192.34,29.23300552368164
192.38,29.236995697021484
192.42,29.240251541137695
192.46,29.241710662841797
192.51,29.24141502380371
192.55,29.24604034423828
192.6,29.253353118896484
192.62,29.257780075073242
192.63,29.467134475708008
192.66,29.269229888916016
192.71,29.26557159423828
192.77,29.25202178955078
192.78,29.24627113342285
192.8,29.242624282836914
192.83,29.23814582824707
192.87,29.44644546508789
192.92,29.255836486816406
192.97,29.260784149169922
193.02,29.257484436035156
193.06,29.262723922729492
193.08,29.26640510559082
193.09,29.27044677734375
193.14,29.279203414916992
193.19,29.29049301147461
193.23,29.308696746826172
193.28,29.32615089416504
193.31,29.33505630493164
193.35,29.340805053710938
193.4,29.34693145751953
193.43,29.348596572875977
193.45,29.349042892456055
193.48,29.349231719970703
193.52,29.349302291870117
193.56,29.34913444519043
193.6,29.34881019592285
193.62,29.348817825317383
193.64,29.349149703979492
193.68,29.349803924560547
193.71,29.354934692382812
193.77,29.355039596557617
193.78,29.355331420898438
193.8,29.355777740478516
193.83,29.357017517089844
193.88,29.359846115112305
193.92,29.364471435546875
193.96,29.361650466918945
194.02,29.36487579345703
194.06,29.368833541870117
194.08,29.37076187133789
194.09,29.372873306274414
194.13,29.374439239501953
194.17,29.571624755859375
194.22,29.35650634765625
194.27,29.341428756713867
194.3,29.333459854125977
194.34,29.321683883666992
194.38,29.32067108154297
194.43,29.323518753051758
194.47,29.319604873657227
194.5,29.322309494018555
194.56,29.334508895874023
194.61,29.352298736572266
194.64,29.352994918823242
194.68,29.355361938476562
194.73,29.357952117919922
194.77,29.35997200012207
194.81,29.362417221069336
194.86,29.364595413208008
194.89,29.36733627319336
194.94,29.368715286254883
194.96,29.369722366333008
194.98,29.370140075683594
195.02,29.579124450683594
195.06,29.383243560791016
195.1,29.39447593688965
195.15,29.40176010131836
195.2,29.410188674926758
195.24,29.416170120239258
195.29,29.4204158782959
195.34,29.429147720336914
195.38,29.435800552368164
195.39,29.439260482788086
195.42,29.442489624023438
195.45,29.445592880249023
195.5,29.456907272338867
195.54,29.465627670288086
195.56,29.470151901245117
195.58,29.469009399414062
195.62,29.46708869934082
195.66,29.46687889099121
195.71,29.472810745239258
195.74,29.480806350708008
195.79,29.482770919799805
195.84,29.480981826782227
195.89,29.486141204833984
195.92,29.693105697631836
195.96,29.496091842651367
196.0,29.50669288635254
196.04,29.50482177734375
196.08,29.504688262939453
196.13,29.50864028930664
196.18,29.51537322998047
196.21,29.52430534362793
196.23,29.530954360961914
196.26,29.538654327392578
196.3,29.55406951904297
196.35,29.559959411621094
196.39,29.564157485961914
196.43,29.569602966308594
196.46,29.57674217224121
196.52,29.58908462524414
196.56,29.59775733947754
196.56,29.601760864257812
196.6,29.605615615844727
196.64,29.613149642944336
196.67,29.61998748779297
196.72,29.62664222717285
196.76,29.633302688598633
196.81,29.639535903930664
196.84,29.645183563232422
196.88,29.65191078186035
196.94,29.665834426879883
196.98,29.671669006347656
197.02,29.675840377807617
197.07,29.682889938354492
197.11,29.693769454956055
197.16,29.705421447753906
197.2,29.717849731445312
197.22,29.718196868896484
197.23,29.715913772583008
197.29,29.713687896728516
197.32,29.713973999023438
197.37,29.71698570251465
197.41,29.723718643188477
197.45,29.731475830078125
197.5,29.74520492553711
197.53,29.757713317871094
197.55,29.764677047729492
197.58,29.77368927001953
197.62,29.776050567626953
197.66,29.779508590698242
197.71,29.781850814819336
197.75,29.786727905273438
197.8,29.793537139892578
197.84,29.801660537719727
197.85,29.806800842285156
197.88,29.811607360839844
197.92,29.81324577331543
197.96,29.80962371826172
198.01,29.809524536132812
198.05,29.81268882751465
198.09,29.815473556518555
198.14,29.824644088745117
198.17,29.837602615356445
198.2,29.835763931274414
198.22,29.83470344543457
198.25,29.836824417114258
198.31,29.84258460998535
198.35,29.845518112182617
198.39,29.84717559814453
198.43,29.858978271484375
198.48,29.866985321044922
198.49,29.866212844848633
198.52,29.866044998168945
198.55,29.865983963012695
198.6,29.867238998413086
198.65,29.869110107421875
198.66,29.870149612426758
198.67,29.870439529418945
198.71,29.87019920349121
198.76,29.869029998779297
198.8,29.871305465698242
198.84,29.875598907470703
198.86,29.877771377563477
198.88,29.87622833251953
198.92,29.873865127563477
198.96,29.872892379760742
199.0,29.873929977416992
199.04,29.878915786743164
199.1,29.89246368408203
199.14,29.892688751220703
199.16,29.892061233520508
199.18,29.892032623291016
199.21,29.89271354675293
199.26,29.894777297973633
199.3,29.90110969543457
199.34,29.909509658813477
199.39,29.9078369140625
199.4,29.906360626220703
199.44,29.905115127563477
199.46,29.90517807006836
199.48,29.905603408813477
199.51,29.90712547302246
199.56,29.909299850463867
199.61,29.909637451171875
199.65,29.91159439086914
199.69,29.915771484375
199.74,29.912500381469727
199.75,29.911020278930664
199.77,29.910043716430664
199.82,29.908992767333984
199.87,29.908161163330078
199.91,29.907026290893555
199.95,29.90407371520996
200.0,29.900869369506836
200.01,29.898714065551758
200.03,29.896236419677734
200.06,29.893924713134766
200.11,29.890567779541016
200.16,29.888460159301758
200.21,29.887723922729492
200.22,29.887346267700195
200.24,29.886919021606445
200.28,29.887012481689453
200.32,29.88404655456543
200.37,29.881044387817383
200.4,29.876914978027344
200.45,29.873794555664062
200.49,29.872236251831055
200.52,29.871845245361328
200.58,29.86504364013672
200.62,29.85897445678711
200.64,29.856521606445312
200.65,29.854307174682617
200.69,29.851560592651367
200.76,29.853271484375
200.8,29.85744857788086
200.84,29.843900680541992
200.89,29.839303970336914
200.9,29.837738037109375
200.91,29.836124420166016
200.96,29.836166381835938
201.01,29.836915969848633
201.05,29.832029342651367
201.08,29.824665069580078
201.13,29.81623649597168
201.18,29.810150146484375
201.23,29.804536819458008
201.24,29.80404281616211
201.26,29.80458641052246
201.3,29.806564331054688
201.35,29.799579620361328
201.38,29.793895721435547
201.43,29.79003143310547
201.47,29.788501739501953
201.52,29.79058265686035
201.57,29.79350471496582
201.58,29.794952392578125
201.6,29.791805267333984
201.64,29.786779403686523
201.67,29.783103942871094
201.73,29.780750274658203
201.77,29.779191970825195
201.82,29.778606414794922
201.86,29.78614044189453
201.9,29.779794692993164
201.91,29.777463912963867
201.94,29.77519989013672
201.96,29.773439407348633
202.01,29.770063400268555
202.06,29.769868850708008
202.08,29.771268844604492
202.1,29.772390365600586
202.13,29.763835906982422
202.18,29.758955001831055
202.23,29.752561569213867
202.26,29.745471954345703
202.31,29.738794326782227
202.36,29.733036041259766
202.37,29.732784271240234
202.39,29.73473358154297
202.44,29.73497200012207
202.48,29.725982666015625
202.53,29.719118118286133
202.58,29.71788215637207
202.63,29.713491439819336
202.63,29.710037231445312
202.65,29.71147918701172
202.69,29.71437644958496
202.73,29.71595001220703
202.77,29.712127685546875
202.8,29.711153030395508
202.82,29.710636138916016
202.86,29.709537506103516
202.89,29.708086013793945
202.95,29.706249237060547
202.99,29.703962326049805
203.02,29.700153350830078
203.08,29.691110610961914
203.12,29.683982849121094
203.13,29.68047332763672
203.15,29.676822662353516
203.19,29.669246673583984
203.23,29.66327476501465
203.29,29.657983779907227
203.32,29.64846420288086
203.37,29.633968353271484
203.42,29.625337600708008
203.44,29.621265411376953
203.46,29.617691040039062
203.51,29.611242294311523
203.54,29.605531692504883
203.59,29.593847274780273
203.64,29.576568603515625
203.69,29.570289611816406
203.69,29.568492889404297
203.72,29.56661033630371
203.76,29.554248809814453
203.81,29.541889190673828
203.84,29.529552459716797
203.88,29.51729393005371
203.94,29.503307342529297
203.98,29.496566772460938
203.99,29.487939834594727
204.01,29.479543685913086
204.06,29.463645935058594
204.1,29.44877815246582
204.15,29.437162399291992
204.19,29.424165725708008
204.23,29.410858154296875
204.28,29.40384864807129
204.3,29.395885467529297
204.32,29.388410568237305
204.36,29.373804092407227
204.4,29.359256744384766
204.45,29.34537696838379
204.5,29.32666778564453
204.54,29.316408157348633
204.58,29.30573844909668
204.62,29.27676773071289
204.66,29.259870529174805
204.67,29.25253677368164
204.68,29.245506286621094
204.72,29.240928649902344
204.77,29.232206344604492
204.82,29.217187881469727
204.83,29.210569381713867
204.86,29.20421600341797
204.91,29.19135856628418
204.95,29.177785873413086
204.98,29.16634178161621
205.04,29.152196884155273
205.08,29.142154693603516
205.09,29.133161544799805
205.12,29.12445068359375
205.15,29.115596771240234
205.21,29.088869094848633
205.24,29.07331657409668
205.26,29.066116333007812
205.27,29.0590763092041
205.32,29.052555084228516
205.35,29.036130905151367
205.41,29.01153564453125
205.41,29.0068359375
205.44,28.997838973999023
205.48,28.98021697998047
205.52,28.96830940246582
205.57,28.95391082763672
205.61,28.94525718688965
205.66,28.92748260498047
205.67,28.918048858642578
205.7,28.909637451171875
205.74,28.89324378967285
205.77,28.87642478942871
205.83,28.859487533569336
205.86,28.842653274536133
205.91,28.81759262084961
205.96,28.801349639892578
205.98,28.793521881103516
205.99,28.972824096679688
206.03,28.762163162231445
206.09,28.742319107055664
206.12,28.725345611572266
206.18,28.706621170043945
206.23,28.689748764038086
206.26,28.8688907623291
206.3,28.663087844848633
206.34,28.646785736083984
206.38,28.62087059020996
206.42,28.59572410583496
206.47,28.579233169555664
206.52,28.564748764038086
206.56,28.55157470703125
206.57,28.544523239135742
206.6,28.53794288635254
206.64,28.526155471801758
206.67,28.51674461364746
206.72,28.69554328918457
206.77,28.499286651611328
206.81,28.490034103393555
206.86,28.645923614501953
206.9,28.436893463134766
206.92,28.42867660522461
206.93,28.42072296142578
206.96,28.410423278808594
207.02,28.37836456298828
207.06,28.365758895874023
207.07,28.361129760742188
207.09,28.358488082885742
207.14,28.359189987182617
207.18,28.35736846923828
207.23,28.35053253173828
207.27,28.3456974029541
207.32,28.341827392578125
207.36,28.336578369140625
207.38,28.336088180541992
207.4,28.336137771606445
207.44,28.335216522216797
207.49,28.323556900024414
207.52,28.313777923583984
207.58,28.30164337158203
207.62,28.294647216796875
207.64,28.291465759277344
207.66,28.2884521484375
207.7,28.2830810546875
207.74,28.277204513549805
207.78,28.271175384521484
207.83,28.260936737060547
207.87,28.24863624572754
207.91,28.230764389038086
207.96,28.22208595275879
207.97,28.21967124938965
207.99,28.218427658081055
208.03,28.218509674072266
208.09,28.207027435302734
208.13,28.20220184326172
208.18,28.20338249206543
208.21,28.201641082763672
208.26,28.19815444946289
208.28,28.19594955444336
208.29,28.197113037109375
208.34,28.202659606933594
208.37,28.199905395507812
208.42,28.19476318359375
208.46,28.19093132019043
208.5,28.188051223754883
208.54,28.184274673461914
208.6,28.180286407470703
208.64,28.173690795898438
208.68,28.168685913085938
208.72,28.16889190673828
208.76,28.171113967895508
208.8,28.173635482788086
208.85,28.17070960998535
208.89,28.1679630279541
208.94,28.16705322265625
208.97,28.1677303314209
209.01,28.169214248657227
209.03,28.16977882385254
209.06,28.17024803161621
209.09,28.16985321044922
209.15,28.16819190979004
209.18,28.166458129882812
209.24,28.167911529541016
209.28,28.174772262573242
209.3,28.178956985473633
209.32,28.18364143371582
209.36,28.18750762939453
209.4,28.188114166259766
209.45,28.19032859802246
209.49,28.194643020629883
209.54,28.203577041625977
209.58,28.213058471679688
209.59,28.215774536132812
209.62,28.214557647705078
209.66,28.213539123535156
209.7,28.217121124267578
209.74,28.22132110595703
209.79,28.223997116088867
209.84,28.23097038269043
209.88,28.24355697631836
209.9,28.250368118286133
209.92,28.252696990966797
209.96,28.256807327270508
209.99,28.260515213012695
210.05,28.262399673461914
210.09,28.266155242919922
210.13,28.270816802978516
210.18,28.27678871154785
210.22,28.284496307373047
210.23,28.290435791015625
210.26,28.29688262939453
210.3,28.29754638671875
210.35,28.302343368530273
210.38,28.308897018432617
210.43,28.316003799438477
210.5,28.32916831970215
210.52,28.339340209960938
210.53,28.344287872314453
210.56,28.349462509155273
210.59,28.360137939453125
210.64,28.36388397216797
210.68,28.363615036010742
210.72,28.36577796936035
210.78,28.37569236755371
210.82,28.386337280273438
210.84,28.387428283691406
210.85,28.386962890625
210.89,28.387088775634766
210.94,28.39557647705078
210.98,28.403228759765625
211.0,28.40637969970703
211.01,28.409099578857422
211.06,28.41123390197754
211.1,28.425355911254883
211.15,28.437332153320312
211.16,28.44373893737793
211.18,28.447479248046875
211.22,28.453672409057617
211.26,28.460569381713867
211.31,28.466646194458008
211.35,28.471731185913086
211.37,28.47564125061035
211.41,28.478452682495117
211.47,28.48225212097168
211.52,28.48740577697754
211.53,28.49173355102539
211.56,28.49747085571289
211.59,28.5040340423584
211.63,28.508968353271484
211.67,28.51548194885254
211.71,28.525379180908203
211.74,28.527565002441406
211.76,28.532344818115234
211.79,28.536956787109375
211.84,28.549617767333984
211.88,28.557958602905273
211.9,28.5626277923584
211.92,28.567296981811523
211.98,28.576902389526367
212.0,28.582237243652344
212.04,28.58283805847168
212.1,28.587142944335938
212.14,28.593460083007812
212.16,28.595439910888672
212.17,28.598857879638672
212.22,28.60535430908203
212.26,28.61784553527832
212.28,28.617963790893555
212.33,28.617921829223633
212.34,28.623193740844727
212.4,28.632539749145508
212.44,28.637712478637695
212.47,28.642398834228516
212.51,28.653030395507812
212.56,28.66277503967285
212.61,28.664873123168945
212.64,28.66985321044922
212.68,28.67133903503418
212.7,28.67289161682129
212.75,28.67612648010254
212.79,28.684194564819336
212.84,28.6922607421875
212.85,28.69732093811035
212.87,28.6978759765625
212.92,28.700857162475586
212.97,28.707521438598633
213.0,28.715526580810547
213.05,28.72321891784668
213.1,28.732444763183594
213.15,28.73802947998047
213.16,28.736522674560547
213.19,28.734752655029297
213.24,28.730735778808594
213.28,28.727828979492188
213.33,28.723222732543945
213.37,28.72005844116211
213.41,28.721424102783203
213.47,28.712316513061523
213.49,28.710405349731445
213.54,28.710922241210938
213.57,28.713985443115234
213.63,28.721439361572266
213.67,28.917734146118164
213.71,28.718708038330078
213.76,28.710067749023438
213.8,28.696395874023438
213.81,28.692014694213867
213.84,28.69167709350586
213.88,28.69304084777832
213.92,28.704345703125
213.96,28.712339401245117
213.98,28.714445114135742
214.0,28.716251373291016
214.04,28.719470977783203
214.08,28.722726821899414
214.13,28.726245880126953
214.17,28.72997283935547
214.21,28.73691749572754
214.25,28.743558883666992
214.3,28.73796272277832
214.35,28.73657989501953
214.35,28.736921310424805
214.38,28.73764991760254
214.43,28.739683151245117
214.47,28.739009857177734
214.52,28.731916427612305
214.54,28.727602005004883
214.6,28.724571228027344
214.65,28.723621368408203
214.66,28.723569869995117
214.68,28.723941802978516
214.71,28.72455596923828
214.76,28.72931480407715
214.81,28.727691650390625
214.82,28.924314498901367
214.83,28.7279109954834
214.88,28.730287551879883
214.92,28.73358154296875
214.97,28.737688064575195
215.02,28.744735717773438
215.05,28.743318557739258
215.08,28.74249267578125
215.09,28.741792678833008
215.14,28.74180793762207
215.18,28.74445915222168
215.22,28.7500057220459
215.26,28.753690719604492
215.3,28.750608444213867
215.35,28.749372482299805
215.37,28.749032974243164
215.39,28.749181747436523
215.44,28.75168800354004
215.48,28.75897789001465
215.53,28.765600204467773
215.56,28.763669967651367
215.61,28.767839431762695
215.66,28.77432632446289
215.71,28.777908325195312
215.72,28.78350067138672
215.73,28.78931999206543
215.77,28.788047790527344
215.82,28.78538703918457
215.86,28.784814834594727
215.9,28.784067153930664
215.94,28.78711700439453
216.0,28.785812377929688
216.04,28.77815818786621
216.06,28.776123046875
216.09,28.775362014770508
216.12,28.773319244384766
216.17,28.77386474609375
216.21,28.779037475585938
216.24,28.777128219604492
216.26,28.77386474609375
216.3,28.768526077270508
216.34,28.765344619750977
216.39,28.764429092407227
216.43,28.765247344970703
216.47,28.770160675048828
216.52,28.768295288085938
216.54,28.766315460205078
216.55,28.764127731323242
216.58,28.76214027404785
216.64,28.761079788208008
216.68,28.76527976989746
216.69,28.767473220825195
216.71,28.76446533203125
216.76,28.761432647705078
216.8,28.76063346862793
216.85,28.760498046875
216.89,28.760839462280273
216.93,28.76102638244629
216.97,28.760536193847656
216.99,28.75760841369629
217.02,28.756261825561523
217.06,28.74980354309082
217.1,28.741230010986328
217.14,28.7327880859375
217.18,28.72692108154297
217.23,28.726181030273438
217.28,28.721094131469727
217.32,28.71334457397461
217.36,28.710744857788086
217.37,28.709877014160156
217.4,28.70915412902832
217.44,28.71009063720703
217.48,28.709606170654297
217.53,28.70061683654785
217.57,28.692537307739258
217.61,28.684280395507812
217.65,28.67719841003418
217.7,28.66573715209961
217.73,28.657419204711914
217.75,28.653873443603516
217.78,28.652456283569336
217.81,28.653621673583984
217.86,28.650516510009766
217.91,28.644269943237305
217.95,28.637052536010742
218.0,28.63446044921875
218.02,28.634126663208008
218.04,28.63567543029785
218.08,28.64068603515625
218.12,28.633058547973633
218.17,28.62371253967285
218.2,28.619272232055664
218.24,28.61271858215332
218.29,28.59996223449707
218.33,28.590330123901367
218.36,28.5887451171875
218.37,28.587379455566406
218.42,28.586750030517578
218.46,28.58530044555664
218.49,28.58282470703125
218.52,28.58180046081543
218.54,28.580644607543945
218.56,28.579437255859375
218.62,28.575265884399414
218.68,28.573101043701172
218.68,28.573287963867188
218.69,28.57378387451172
218.72,28.574087142944336
218.77,28.555007934570312
218.81,28.544614791870117
218.84,28.53852081298828
218.85,28.536550521850586
218.89,28.529245376586914
218.95,28.52813720703125
218.99,28.52897071838379
219.02,28.52083396911621
219.07,28.51759147644043
219.11,28.513957977294922
219.17,28.51398277282715
219.17,28.51355743408203
219.19,28.512826919555664
219.24,28.51005744934082
219.28,28.509126663208008
219.32,28.510883331298828
219.37,28.50421714782715
219.41,28.497962951660156
219.45,28.494932174682617
219.5,28.489261627197266
219.51,28.486595153808594
219.54,28.48699378967285
219.57,28.48876190185547
219.62,28.486886978149414
219.66,28.48112678527832
219.7,28.476648330688477
219.75,28.474212646484375
219.8,28.47285270690918
219.84,28.471559524536133
219.88,28.474565505981445
219.89,28.477590560913086
219.91,28.48074722290039
219.96,28.47430992126465
220.0,28.46771812438965
220.05,28.463085174560547
220.09,28.653379440307617
220.13,28.4566593170166
220.17,28.45294952392578
220.2,28.44624900817871
220.21,28.438032150268555
220.26,28.428205490112305
220.3,28.618993759155273
220.34,28.427156448364258
220.39,28.43044090270996
220.44,28.438121795654297
220.48,28.444772720336914
220.5,28.445505142211914
220.51,28.446382522583008
220.55,28.44743537902832
220.6,28.448335647583008
220.63,28.448720932006836
220.65,28.64251708984375
220.67,28.641443252563477
220.72,28.44767951965332
220.77,28.446041107177734
220.81,28.437091827392578
220.85,28.42786979675293
220.9,28.423648834228516
220.91,28.422588348388672
220.95,28.42184829711914
220.99,28.422761917114258
221.03,28.427186965942383
221.06,28.434534072875977
221.12,28.443342208862305
221.15,28.443603515625
221.18,28.444416046142578
221.19,28.444992065429688
221.22,28.445585250854492
221.28,28.4490966796875
221.32,28.450410842895508
221.36,28.453527450561523
221.36,28.456689834594727
221.39,28.459800720214844
221.42,28.466222763061523
221.48,28.466875076293945
221.53,28.46698760986328
221.55,28.46653175354004
221.6,28.466848373413086
221.64,28.46747398376465
221.67,28.467004776000977
221.71,28.46706199645996
221.76,28.470853805541992
221.8,28.474077224731445
221.82,28.471548080444336
221.84,28.470130920410156
221.89,28.467073440551758
221.9,28.468217849731445
221.95,28.471847534179688
222.0,28.471132278442383
222.02,28.47076416015625
222.04,28.474773406982422
222.07,28.483179092407227
222.11,28.478090286254883
222.17,28.476503372192383
222.21,28.478334426879883
222.24,28.480070114135742
222.3,28.48378562927246
222.34,28.493385314941406
222.39,28.49727439880371
222.41,28.497161865234375
222.46,28.49716567993164
222.5,28.498071670532227
222.54,28.500185012817383
222.55,28.501556396484375
222.58,28.50438117980957
222.61,28.50771141052246
222.67,28.511741638183594
222.7,28.506038665771484
222.74,28.701025009155273
222.78,28.505903244018555
222.82,28.50846290588379
222.86,28.501115798950195
222.88,28.493133544921875
222.9,28.487041473388672
222.93,28.48162841796875
222.99,28.486330032348633
223.03,28.490243911743164
223.08,28.491792678833008
223.09,28.49977684020996
223.1,28.507104873657227
223.14,28.509252548217773
223.2,28.510868072509766
223.23,28.706907272338867
223.27,28.51174545288086
223.3,28.51243782043457
223.31,28.51055145263672
223.36,28.499357223510742
223.4,28.490942001342773
223.44,28.489412307739258
223.49,28.49601936340332
223.53,28.503080368041992
223.58,28.506267547607422
223.62,28.510231018066406
223.63,28.514013290405273
223.66,28.517427444458008
223.7,28.523740768432617
223.74,28.52792739868164
223.79,28.52973747253418
223.84,28.53589630126953
223.88,28.537328720092773
223.9,28.53373146057129
223.91,28.53065299987793
223.96,28.524513244628906
224.0,28.51996421813965
224.04,28.517261505126953
224.09,28.51934814453125
224.14,28.514860153198242
224.19,28.509132385253906
224.2,28.507322311401367
224.21,28.50579071044922
224.25,28.50569725036621
224.3,28.505842208862305
224.35,28.698062896728516
224.37,28.505313873291016
224.4,28.506099700927734
224.46,28.492290496826172
224.49,28.464675903320312
224.54,28.45330238342285
224.56,28.45012664794922
224.56,28.448875427246094
224.62,28.45057487487793
224.66,28.453271865844727
224.7,28.45077896118164
224.75,28.450071334838867
224.79,28.449121475219727
224.84,28.445850372314453
224.88,28.441030502319336
224.92,28.434839248657227
224.97,28.430110931396484
225.01,28.42820930480957
225.06,28.429046630859375
225.09,28.419544219970703
225.11,28.41524887084961
225.13,28.41167640686035
225.18,28.40473175048828
225.22,28.398284912109375
225.26,28.39254379272461
225.31,28.385536193847656
225.34,28.381662368774414
225.4,28.365612030029297
225.43,28.35487174987793
225.46,28.351131439208984
225.47,28.348535537719727
225.52,28.341266632080078
225.56,28.33640480041504
225.62,28.340578079223633
225.65,28.343294143676758
225.67,28.3413143157959
225.7,28.53057289123535
225.74,28.33540916442871
225.78,28.325927734375
225.83,28.30828094482422
225.87,28.286640167236328
225.92,28.27313995361328
225.93,28.266342163085938
225.96,28.259292602539062
226.0,28.247652053833008
226.03,28.23752212524414
226.09,28.230255126953125
226.13,28.227142333984375
226.18,28.219951629638672
226.21,28.207178115844727
226.24,28.20244789123535
226.25,28.19965934753418
226.3,28.195993423461914
226.34,28.370817184448242
226.39,28.179492950439453
226.4,28.178001403808594
226.42,28.173830032348633
226.46,28.157512664794922
226.51,28.320499420166016
226.55,28.11496925354004
226.6,28.095224380493164
226.64,28.085556030273438
226.66,28.08225440979004
226.68,28.080219268798828
226.72,28.07746696472168
226.78,28.073993682861328
226.81,28.05991554260254
226.85,28.051265716552734
226.87,28.047544479370117
226.89,28.041963577270508
226.94,28.034870147705078
226.98,28.02223014831543
227.02,28.01448631286621
227.07,28.006553649902344
227.1,27.98936653137207
227.15,27.963973999023438
227.2,27.950241088867188
227.22,27.943683624267578
227.23,27.937143325805664
227.27,27.929882049560547
227.33,27.924514770507812
227.38,27.909236907958984
227.42,27.896400451660156
227.46,27.87932014465332
227.5,27.86846160888672
227.51,27.863704681396484
227.54,27.860502243041992
227.58,27.855140686035156
227.62,27.842975616455078
227.66,27.828590393066406
227.72,27.81147575378418
227.76,27.800806045532227
227.78,27.794742584228516
227.8,27.78795623779297
227.84,27.773418426513672
227.88,27.759702682495117
227.93,27.749475479125977
227.97,27.91773223876953
228.01,27.71672821044922
228.06,27.707548141479492
228.07,27.697383880615234
228.1,27.676610946655273
228.14,27.6619930267334
228.19,27.650100708007812
228.23,27.636951446533203
228.28,27.61780548095703
228.33,27.60588836669922
228.34,27.60077667236328
228.36,27.596342086791992
228.39,27.592084884643555
228.44,27.577783584594727
228.49,27.567520141601562
228.5,27.56464958190918
228.51,27.561561584472656
228.56,27.554950714111328
228.6,27.5367374420166
228.64,27.519020080566406
228.69,27.50583839416504
228.73,27.491443634033203
228.78,27.471860885620117
228.81,27.463376998901367
228.84,27.458641052246094
228.86,27.449390411376953
228.91,27.430912017822266
228.94,27.414154052734375
229.0,27.39583969116211
229.04,27.386795043945312
229.05,27.382305145263672
229.07,27.375259399414062
229.12,27.359424591064453
229.16,27.344104766845703
229.19,27.328075408935547
229.25,27.307191848754883
229.28,27.296794891357422
229.33,27.282140731811523
229.38,27.27316665649414
229.41,27.269775390625
229.46,27.25920295715332
229.49,27.242509841918945
229.51,27.234169006347656
229.53,27.22568130493164
229.58,27.208221435546875
229.62,27.18720054626465
229.66,27.17603874206543
229.71,27.34091567993164
229.75,27.12861442565918
229.81,27.115148544311523
229.81,27.10873031616211
229.84,27.102436065673828
229.88,27.08763313293457
229.93,27.076885223388672
229.98,27.069753646850586
230.02,27.055763244628906
230.04,27.22362518310547
230.06,27.039731979370117
230.09,27.0216007232666
230.14,26.9951229095459
230.18,26.970157623291016
230.22,26.952146530151367
230.27,26.93777847290039
230.29,26.9285888671875
230.34,26.91250228881836
230.4,26.88991928100586
230.43,26.877111434936523
230.49,26.86406898498535
230.53,26.853872299194336
230.58,26.846982955932617
230.62,26.823654174804688
230.67,26.79660987854004
230.7,26.78902816772461
230.74,26.77324104309082
230.78,26.75717544555664
230.81,26.744606018066406
230.85,26.731321334838867
230.9,26.713600158691406
230.94,26.692302703857422
231.0,26.662946701049805
231.05,26.648460388183594
231.05,26.642024993896484
231.07,26.63649559020996
231.11,26.62430191040039
231.15,26.614011764526367
231.21,26.60785484313965
231.25,26.597370147705078
231.3,26.5717830657959
231.34,26.55362892150879
231.35,26.71500015258789
231.38,26.53450584411621
231.43,26.516010284423828
231.47,26.499969482421875
231.51,26.48726463317871
231.57,26.469594955444336
231.6,26.454971313476562
231.62,26.447021484375
231.63,26.438764572143555
231.68,26.422508239746094
231.72,26.40569305419922
231.76,26.388134002685547
231.81,26.369279861450195
231.85,26.345176696777344
231.89,26.332509994506836
231.91,26.326303482055664
231.93,26.32011604309082
231.97,26.309045791625977
232.02,26.295217514038086
232.06,26.279823303222656
232.12,26.43211555480957
232.16,26.23919105529785
232.2,26.22190284729004
232.22,26.20969581604004
232.24,26.196699142456055
232.28,26.17738914489746
232.32,26.15753173828125
232.37,26.140073776245117
232.4,26.128246307373047
232.46,26.120206832885742
232.5,26.10824203491211
232.55,26.096364974975586
232.57,26.08445167541504
232.61,26.071304321289062
232.67,26.05474853515625
232.71,26.040653228759766
232.75,26.02830696105957
232.79,25.99761390686035
232.84,25.98052406311035
232.86,25.969202041625977
232.88,25.9600772857666
232.92,25.94361114501953
232.96,25.92693328857422
232.99,25.911678314208984
233.04,25.901865005493164
233.08,25.88827133178711
233.12,25.86896324157715
233.16,25.850624084472656
233.22,25.8211669921875
233.26,25.97431182861328
233.27,25.800535202026367
233.27,25.790660858154297
233.3,25.780967712402344
233.34,25.760475158691406
233.39,25.741952896118164
233.43,25.724132537841797
233.47,25.705183029174805
233.52,25.66657829284668
233.55,25.633459091186523
233.57,25.6270809173584
233.6,25.77548599243164
233.65,25.596208572387695
233.68,25.579557418823242
233.73,25.535362243652344
233.79,25.498321533203125
233.79,25.482492446899414
233.81,25.468185424804688
233.86,25.44461441040039
233.9,25.42486000061035
233.95,25.407804489135742
233.98,25.393959045410156
234.04,25.359289169311523
234.08,25.337133407592773
234.09,25.328062057495117
234.11,25.318527221679688
234.16,25.299734115600586
234.2,25.28030776977539
234.24,25.263107299804688
234.26,25.255678176879883
234.27,25.24825096130371
234.31,25.22332191467285
234.37,25.196855545043945
234.41,25.172405242919922
234.45,25.148786544799805
234.48,25.12445068359375
234.52,25.09941864013672
234.59,25.06759262084961
234.63,25.033119201660156
234.66,25.018875122070312
234.69,24.99078941345215
234.74,24.963708877563477
234.78,24.93954086303711
234.83,24.9182186126709
234.87,24.89086151123047
234.92,24.87384605407715
234.94,24.863441467285156
234.95,24.850534439086914
235.0,24.838159561157227
235.03,24.80702018737793
235.08,24.7978515625
235.09,24.788780212402344
235.12,24.770572662353516
235.18,24.742115020751953
235.22,24.725175857543945
235.26,24.69915199279785
235.3,24.66498374938965
235.35,24.645605087280273
235.4,24.60845184326172
235.44,24.584644317626953
235.45,24.57317352294922
235.48,24.562807083129883
235.52,24.5443058013916
235.54,24.535200119018555
235.55,24.525854110717773
235.58,24.51587677001953
235.63,24.475854873657227
235.68,24.451431274414062
235.69,24.441085815429688
235.71,24.430294036865234
235.75,24.418550491333008
235.79,24.38065528869629
235.84,24.35324478149414
235.85,24.33888816833496
235.88,24.324031829833984
235.92,24.294160842895508
235.96,24.26470184326172
236.01,24.23451805114746
236.05,24.193822860717773
236.11,24.317514419555664
236.11,24.159212112426758
236.14,24.14816665649414
236.17,24.12842559814453
236.23,24.11124038696289
236.27,24.089740753173828
236.32,24.202455520629883
236.36,24.033000946044922
236.38,24.02031135559082
236.39,24.005102157592773
236.44,23.968050003051758
236.48,23.935213088989258
236.53,23.90855598449707
236.57,23.88092803955078
236.61,23.85835075378418
236.66,23.827497482299805
236.69,23.81654930114746
236.7,23.80436134338379
236.73,23.776609420776367
236.76,23.76220703125
236.78,23.748228073120117
236.8,23.734588623046875
236.86,23.694814682006836
236.89,23.666481018066406
236.91,23.651268005371094
236.93,23.636260986328125
236.98,23.622037887573242
237.01,23.58426856994629
237.06,23.576019287109375
237.07,23.5721378326416
237.08,23.56450080871582
237.1,23.547645568847656
237.13,23.53249740600586
237.17,23.51198959350586
237.23,23.4990234375
237.27,23.473615646362305
237.33,23.435802459716797
237.35,23.424036026000977
237.39,23.39983367919922
237.44,23.374649047851562
237.48,23.360441207885742
237.48,23.347007751464844
237.53,23.30893898010254
237.58,23.28313446044922
237.6,23.269744873046875
237.62,23.256244659423828
237.66,23.230871200561523
237.7,23.209047317504883
237.73,23.189260482788086
237.79,23.16986083984375
237.83,23.15172576904297
237.87,23.135456085205078
237.92,23.107622146606445
237.96,23.082735061645508
237.97,23.07000160217285
238.0,23.056827545166016
238.04,23.034744262695312
238.08,23.01671600341797
238.13,23.13145637512207
238.17,22.969566345214844
238.22,22.934537887573242
238.26,22.91743278503418
238.27,23.048912048339844
238.29,22.89784049987793
238.35,22.883628845214844
238.38,22.864534378051758
238.42,22.845611572265625
238.48,22.818857192993164
238.51,22.799291610717773
238.55,22.78395652770996
238.59,22.760913848876953
238.64,22.737213134765625
238.67,22.715723037719727
238.72,22.697525024414062
238.77,22.68193244934082
238.81,22.807384490966797
238.86,22.649505615234375
238.91,22.62897300720215
238.92,22.615571975708008
238.94,22.599496841430664
238.97,22.583908081054688
239.02,22.561368942260742
239.05,22.536319732666016
239.09,22.523286819458008
239.13,22.520214080810547
239.19,22.51557159423828
239.23,22.50497817993164
239.23,22.497941970825195
239.25,22.495683670043945
239.3,22.48548126220703
239.33,22.473709106445312
239.38,22.4616756439209
239.43,22.451290130615234
239.46,22.442014694213867
239.52,22.41893196105957
239.56,22.402738571166992
239.58,22.39560890197754
239.6,22.388805389404297
239.64,22.376047134399414
239.69,22.369596481323242
239.69,22.363122940063477
239.73,22.346200942993164
239.79,22.332271575927734
239.82,22.32830238342285
239.86,22.31784439086914
239.9,22.30790901184082
239.94,22.30115509033203
240.0,22.28677749633789
240.03,22.280080795288086
240.05,22.276731491088867
240.07,22.269006729125977
240.12,22.254497528076172
240.15,22.240846633911133
240.2,22.22869300842285
240.25,22.22120475769043
240.29,22.207006454467773
240.33,22.2037410736084
240.34,22.20196533203125
240.39,22.200166702270508
240.43,22.193880081176758
240.47,22.184080123901367
240.48,22.179378509521484
240.49,22.17469596862793
240.54,22.16671371459961
240.59,22.163341522216797
240.63,22.15473175048828
240.67,22.143892288208008
240.72,22.12950325012207
240.77,22.123586654663086
240.78,22.120182037353516
240.79,22.1166934967041
240.84,22.110488891601562
240.87,22.105960845947266
240.92,22.099618911743164
240.96,22.093814849853516
241.0,22.091917037963867
241.05,22.090373992919922
241.1,22.084552764892578
241.15,22.0778865814209
241.16,22.072559356689453
241.17,22.067440032958984
241.22,22.058582305908203
241.26,22.0538387298584
241.31,22.050052642822266
241.35,22.047046661376953
241.39,22.04267120361328
241.44,22.032291412353516
241.48,22.02792739868164
241.49,22.02773094177246
241.52,22.026958465576172
241.56,22.023820877075195
241.6,22.019819259643555
241.65,22.01529312133789
241.68,22.007600784301758
241.74,21.997900009155273
241.78,21.99698257446289
241.81,21.99520492553711
241.86,21.98859405517578
241.91,21.983613967895508
241.96,21.978443145751953
241.98,21.974260330200195
242.0,21.97076416015625
242.03,21.966115951538086
242.08,21.96600341796875
242.13,21.96431541442871
242.16,21.96221923828125
242.21,21.95677947998047
242.26,21.953678131103516
242.29,21.952877044677734
242.32,21.951696395874023
242.33,21.95074462890625
242.37,21.950054168701172
242.42,21.948713302612305
242.46,21.945199966430664
242.48,21.94253921508789
242.52,21.94009780883789
242.56,21.932809829711914
242.61,21.929901123046875
242.62,21.92774772644043
242.64,21.925338745117188
242.67,21.924524307250977
242.72,21.925155639648438
242.76,21.923019409179688
242.78,21.92022705078125
242.8,21.91752815246582
242.84,21.912321090698242
242.88,21.908044815063477
242.92,21.906396865844727
242.96,21.908702850341797
243.01,21.907758712768555
243.04,21.902965545654297
243.09,21.898902893066406
243.13,21.89513397216797
243.18,21.893329620361328
243.22,21.890361785888672
243.27,21.89150047302246
243.27,21.892087936401367
243.29,21.89278793334961
243.34,21.893808364868164
243.38,21.89301109313965
243.38,21.890535354614258
243.43,22.024524688720703
243.48,21.88075828552246
243.51,21.877113342285156
243.54,21.87295150756836
243.56,21.86649513244629
243.6,21.856733322143555
243.64,21.851333618164062
243.69,21.849761962890625
243.73,21.85323715209961
243.78,21.855937957763672
243.82,21.862693786621094
243.86,21.863636016845703
243.88,21.864421844482422
243.9,21.864809036254883
243.94,21.864709854125977
243.97,22.002199172973633
244.02,21.865705490112305
244.06,21.856542587280273
244.11,21.848445892333984
244.15,21.840986251831055
244.18,21.837459564208984
244.24,21.837665557861328
244.29,21.838088989257812
244.3,21.838218688964844
244.31,21.83811378479004
244.36,21.838335037231445
244.4,21.839174270629883
244.44,21.840173721313477
244.45,21.843290328979492
244.48,21.844066619873047
244.52,21.845779418945312
244.56,21.84695053100586
244.61,21.848041534423828
244.65,21.847837448120117
244.69,21.84540367126465
244.74,21.840049743652344
244.79,21.841014862060547
244.79,21.841510772705078
244.81,21.841808319091797
244.85,21.842287063598633
244.9,21.84183120727539
244.95,21.839900970458984
244.99,21.83965492248535
245.03,21.837770462036133
245.07,21.833778381347656
245.12,21.8291015625
245.16,21.82656478881836
245.2,21.825950622558594
245.23,21.826066970825195
245.27,21.82860565185547
245.3,21.82987403869629
245.32,21.831571578979492
245.36,21.83193588256836
245.39,21.827983856201172
245.43,21.828018188476562
245.48,21.830602645874023
245.52,21.825435638427734
245.57,21.822973251342773
245.58,21.82181167602539
245.59,21.820987701416016
245.63,21.821664810180664
245.69,21.822467803955078
245.73,21.82530975341797
245.78,21.819726943969727
245.82,21.818971633911133
245.84,21.819364547729492
245.86,21.819368362426758
245.9,21.819610595703125
245.95,21.81913185119629
245.98,21.817426681518555
246.04,21.822080612182617
246.08,21.820520401000977
246.09,21.819643020629883
246.11,21.819129943847656
246.16,21.818395614624023
246.21,21.819185256958008
246.25,21.81342887878418
246.29,21.81417465209961
246.34,21.81513023376465
246.38,21.815324783325195
246.4,21.815526962280273
246.42,21.81578254699707
246.46,21.81528663635254
246.5,21.812633514404297
246.54,21.810867309570312
246.58,21.808961868286133
246.63,21.808307647705078
246.67,21.809432983398438
246.72,21.81093406677246
246.75,21.808012008666992
246.8,21.80682945251465
246.82,21.807538986206055
246.83,21.808670043945312
246.88,21.811017990112305
246.93,21.81277084350586
246.96,21.809574127197266
247.0,21.813020706176758
247.05,21.815603256225586
247.1,21.813987731933594
247.15,21.81312370300293
247.19,21.811716079711914
247.24,21.809730529785156
247.28,21.80733871459961
247.33,21.805742263793945
247.36,21.805957794189453
247.4,21.806787490844727
247.44,21.803569793701172
247.49,21.803401947021484
247.52,21.80707550048828
247.57,21.80699920654297
247.58,21.807287216186523
247.61,21.808515548706055
247.63,21.809314727783203
247.65,21.8105411529541
247.7,21.810781478881836
247.75,21.80975914001465
247.78,21.80957794189453
247.84,21.80802345275879
247.89,21.806222915649414
247.9,21.807050704956055
247.92,21.808082580566406
247.95,21.807641983032227
248.0,21.803674697875977
248.04,21.803239822387695
248.08,21.80323028564453
248.13,21.80385971069336
248.18,21.804550170898438
248.23,21.8062801361084
248.26,21.806241989135742
248.28,21.805999755859375
248.29,21.80569839477539
248.34,21.805339813232422
248.38,21.804807662963867
248.43,21.804500579833984
248.48,21.804107666015625
248.53,21.804067611694336
248.54,21.803998947143555
248.55,21.804479598999023
248.59,21.804800033569336
248.64,21.807392120361328
248.67,21.809843063354492
248.69,21.808666229248047
248.74,21.80858612060547
248.77,21.8084774017334
248.78,21.808486938476562
248.83,21.80797576904297
248.88,21.809406280517578
248.9,21.805574417114258
248.93,21.804738998413086
248.97,21.80272674560547
249.02,21.80227279663086
249.04,21.801992416381836
249.06,21.80173110961914
249.09,21.8017635345459
249.14,21.802223205566406
249.17,21.807769775390625
249.23,21.806255340576172
249.27,21.80674171447754
249.31,21.80709457397461
249.36,21.80712127685547
249.37,21.807170867919922
249.4,21.807098388671875
249.44,21.807119369506836
249.47,21.80714988708496
249.48,21.80707550048828
249.53,21.806880950927734
249.56,21.806901931762695
249.6,21.807188034057617
249.64,21.807024002075195
249.69,21.807247161865234
249.74,21.808237075805664
249.78,21.806625366210938
249.79,21.806358337402344
249.83,21.805110931396484
249.88,21.806001663208008
249.9,21.80839729309082
249.92,21.81005096435547
249.96,21.81201171875
250.0,21.812589645385742
250.04,21.812103271484375
250.08,21.806499481201172
250.13,21.805421829223633
250.18,21.804494857788086
250.22,21.804122924804688
250.24,21.804248809814453
250.25,21.804113388061523
250.3,21.804513931274414
250.33,21.811864852905273
250.39,21.81104278564453
250.43,21.810678482055664
250.48,21.810115814208984
250.5,21.810213088989258
250.52,21.810287475585938
250.56,21.811052322387695
250.59,21.81122398376465
250.6,21.811796188354492
250.64,21.812997817993164
250.68,21.807762145996094
250.72,21.80461311340332
250.76,21.806612014770508
250.83,21.812437057495117
250.85,21.9490966796875
250.89,21.810075759887695
250.94,21.80710792541504
250.99,21.802898406982422
251.0,21.798276901245117
251.02,21.929899215698242
251.06,21.78426742553711
251.1,21.778209686279297
251.16,21.773433685302734
251.2,21.773365020751953
251.23,21.77469253540039
251.24,21.776626586914062
251.28,21.77927017211914
251.31,21.78660774230957
251.37,21.792036056518555
251.38,21.79537582397461
251.4,21.79883575439453
251.44,21.80936050415039
251.49,21.81850242614746
251.54,21.820899963378906
251.58,21.82234001159668
251.59,21.822406768798828
251.61,21.82239532470703
251.64,21.822315216064453
251.7,21.823928833007812
251.75,21.82423210144043
251.76,21.82324981689453
251.77,21.820079803466797
251.83,21.81385612487793
251.87,21.809593200683594
251.91,21.809228897094727
251.96,21.8160457611084
251.99,21.815248489379883
252.05,21.8139705657959
252.06,21.81368637084961
252.08,21.815475463867188
252.13,21.82381248474121
252.17,21.826753616333008
252.2,21.827390670776367
252.26,21.815593719482422
252.29,21.812480926513672
252.32,21.812280654907227
252.34,21.81233787536621
252.37,21.812368392944336
252.42,21.81329345703125
252.47,21.81428337097168
252.52,21.81244468688965
252.56,21.810314178466797
252.58,21.809675216674805
252.6,21.809839248657227
252.64,21.820363998413086
252.69,21.82319450378418
252.72,21.821775436401367
252.76,21.821069717407227
252.79,21.820640563964844
252.85,21.820547103881836
252.87,21.82147216796875
252.93,21.824094772338867
252.97,21.827436447143555
253.0,21.827497482299805
253.03,21.827499389648438
253.06,21.8275203704834
253.09,21.827184677124023
253.15,21.825841903686523
253.18,21.82282829284668
253.24,21.817989349365234
253.27,21.81947135925293
253.32,21.826528549194336
253.36,21.831663131713867
253.37,21.832324981689453
253.39,21.833215713500977
253.43,21.831233978271484
253.48,21.825395584106445
253.53,21.82296371459961
253.57,21.81961441040039
253.62,21.81571388244629
253.65,21.816482543945312
253.71,21.816747665405273
253.74,21.816879272460938
253.77,21.81749725341797
253.83,21.821563720703125
253.87,21.827747344970703
253.91,21.835725784301758
253.96,21.832143783569336
254.0,21.829696655273438
254.01,21.83102035522461
254.03,21.833417892456055
254.07,21.83490753173828
254.12,21.83083724975586
254.17,21.830116271972656
254.19,21.831012725830078
254.24,21.83308219909668
254.28,21.83517837524414
254.33,21.834186553955078
254.38,21.826017379760742
254.41,21.824560165405273
254.41,21.827062606811523
254.46,21.830093383789062
254.5,21.839033126831055
254.53,21.84478759765625
254.55,21.847118377685547
254.58,21.848499298095703
254.61,21.849349975585938
254.66,21.847702026367188
254.69,21.850109100341797
254.72,21.849422454833984
254.74,21.983722686767578
254.78,21.841373443603516
254.84,21.832508087158203
254.86,21.95820426940918
254.9,21.814138412475586
254.96,21.81075096130371
254.99,21.806642532348633
255.05,21.80849266052246
255.06,21.80535125732422
255.07,21.80457878112793
255.12,21.811580657958984
255.16,21.821985244750977
255.2,21.967002868652344
255.25,21.8378849029541
255.29,21.8420352935791
255.33,21.84381866455078
255.38,21.84508514404297
255.4,21.84552764892578
255.42,21.846086502075195
255.46,21.846155166625977
255.5,21.844947814941406
255.55,21.847034454345703
255.59,21.850914001464844
255.63,21.85749626159668
255.68,21.85672378540039
255.69,21.85546875
255.72,21.8547306060791
255.75,21.853954315185547
255.8,21.857236862182617
255.83,21.858144760131836
255.86,21.856956481933594
255.87,21.855758666992188
255.91,21.85410499572754
255.96,21.85028648376465
256.0,21.849817276000977
256.02,21.85027313232422
256.03,21.851390838623047
256.08,21.84856414794922
256.12,21.84807014465332
256.17,21.851518630981445
256.22,21.855478286743164
256.23,21.85762596130371
256.25,21.859556198120117
256.3,21.862197875976562
256.35,21.86075782775879
256.38,21.859071731567383
256.43,21.856672286987305
256.48,21.852537155151367
256.53,21.852230072021484
256.54,21.852617263793945
256.56,21.854473114013672
256.59,21.856435775756836
256.64,21.862146377563477
256.68,21.864734649658203
256.69,21.86641502380371
256.71,21.867633819580078
256.76,21.868024826049805
256.8,21.866392135620117
256.85,21.866840362548828
256.89,21.863161087036133
256.92,21.86164665222168
256.94,21.860782623291016
256.98,21.860626220703125
257.03,21.86263084411621
257.07,21.86455535888672
257.11,21.868947982788086
257.15,21.871627807617188
257.19,21.87880516052246
257.25,21.877445220947266
257.29,21.87357521057129
257.33,21.86991310119629
257.37,21.86624526977539
257.42,21.863739013671875
257.43,21.862911224365234
257.46,21.863239288330078
257.5,21.864492416381836
257.55,21.865854263305664
257.58,21.872175216674805
257.63,21.875015258789062
257.68,21.877735137939453
257.72,21.87911033630371
257.73,21.87944221496582
257.75,21.879150390625
257.8,21.8784236907959
257.85,21.877094268798828
257.89,21.875497817993164
257.93,21.874208450317383
257.98,21.872928619384766
258.02,21.87244415283203
258.06,21.873382568359375
258.08,21.87343978881836
258.09,21.87487030029297
258.13,21.88408660888672
258.19,21.885822296142578
258.22,21.88714599609375
258.27,21.88831901550293
258.32,21.88931655883789
258.37,21.886173248291016
258.38,21.88306427001953
258.38,21.880939483642578
258.44,21.88063621520996
258.48,21.883691787719727
258.53,21.894359588623047
258.58,21.895751953125
258.61,21.895456314086914
258.63,21.8948917388916
258.65,21.894405364990234
258.69,21.896516799926758
258.73,21.902957916259766
258.78,21.904186248779297
258.83,21.89474105834961
258.86,21.889455795288086
258.89,22.025962829589844
258.94,21.887781143188477
258.97,21.88630485534668
258.98,21.88304328918457
259.02,21.87791633605957
259.06,21.8698787689209
259.1,21.86552619934082
259.15,21.871612548828125
259.2,21.884384155273438
259.23,21.889312744140625
259.26,21.89041519165039
259.27,21.89253044128418
259.32,21.89556312561035
259.36,21.904926300048828
259.41,21.910015106201172
259.46,21.91187858581543
259.5,21.905967712402344
259.54,21.907100677490234
259.55,21.90707778930664
259.58,21.906814575195312
259.62,21.905670166015625
259.67,21.904056549072266
259.72,21.90285873413086
259.76,21.900981903076172
259.8,21.9036808013916
259.81,21.9073486328125
259.83,21.912187576293945
259.88,21.919387817382812
259.92,21.919010162353516
259.97,21.91815757751465
260.0,21.9180965423584
260.06,21.922250747680664
260.09,21.917831420898438
260.15,21.917383193969727
260.16,22.054868698120117
260.18,21.918691635131836
260.21,21.91792106628418
260.25,21.916385650634766
260.3,21.914363861083984
260.35,21.91152572631836
260.4,21.919584274291992
260.44,21.933874130249023
260.46,21.933687210083008
260.47,21.933979034423828
260.51,21.934829711914062
260.52,21.936120986938477
260.56,21.937822341918945
260.6,21.9378662109375
260.65,21.93465805053711
260.7,21.91912841796875
260.74,21.9304256439209
260.75,21.928104400634766
260.78,21.925844192504883
260.82,21.92119026184082
260.87,21.92380714416504
260.9,21.943336486816406
260.95,21.950693130493164
261.0,21.95349884033203
261.02,21.946849822998047
261.03,21.93443489074707
261.08,21.92865562438965
261.12,21.924537658691406
261.17,21.925485610961914
261.21,21.949403762817383
261.25,21.943660736083984
261.3,21.941871643066406
261.31,21.9418888092041
261.33,21.94228172302246
261.38,21.94574737548828
261.41,21.948184967041016
261.46,21.949602127075195
261.51,21.949932098388672
261.56,21.9500789642334
261.59,21.941211700439453
261.63,21.93491554260254
261.66,21.93815040588379
261.67,21.950204849243164
261.72,21.96041488647461
261.75,21.95693016052246
261.8,21.953271865844727
261.84,21.95284080505371
261.89,21.956058502197266
261.93,21.96156883239746
261.95,21.965784072875977
262.0,21.968231201171875
262.05,21.967634201049805
262.09,21.9638671875
262.14,21.958600997924805
262.19,21.95075225830078
262.2,21.946575164794922
262.22,21.944272994995117
262.25,21.949079513549805
262.3,21.977880477905273
262.34,21.97618865966797
262.4,21.97699737548828
262.44,21.976451873779297
262.48,21.980836868286133
262.49,21.981882095336914
262.51,21.983592987060547
262.55,21.98639488220215
262.6,21.988006591796875
262.65,21.98868179321289
262.69,21.98429298400879
262.74,21.969322204589844
262.78,21.959941864013672
262.83,21.982500076293945
262.87,21.99089813232422
262.9,21.9888916015625
262.96,21.99664306640625
263.0,22.002483367919922
263.01,21.995121002197266
263.03,21.988243103027344
263.08,21.977731704711914
263.12,21.96299171447754
263.16,21.961198806762695
263.21,21.99842643737793
263.25,21.987842559814453
263.3,21.982091903686523
263.33,21.996549606323242
263.36,22.020286560058594
263.37,22.022438049316406
263.41,22.02233123779297
263.46,22.02039337158203
263.51,21.984081268310547
263.55,21.980213165283203
263.6,21.976097106933594
263.65,21.975984573364258
263.66,21.9762020111084
263.67,21.97706413269043
263.72,21.988332748413086
263.76,22.015750885009766
263.81,22.005708694458008
263.85,22.005889892578125
263.89,22.033618927001953
263.94,22.04707908630371
263.95,22.04400062561035
263.98,22.03525733947754
264.01,22.007539749145508
264.06,22.00455665588379
264.11,22.001554489135742
264.15,21.999969482421875
264.19,22.040929794311523
264.25,22.02777099609375
264.27,22.024770736694336
264.32,22.02494239807129
264.37,22.024822235107422
264.4,22.02473258972168
264.44,22.02481460571289
264.49,22.028282165527344
264.55,22.032867431640625
264.56,22.0346736907959
264.57,22.03583335876465
264.62,22.033111572265625
264.66,22.020544052124023
264.71,22.016618728637695
264.75,22.060726165771484
264.79,22.050437927246094
264.8,22.04035758972168
264.8,22.039566040039062
264.8,22.0389461517334
264.92,22.038633346557617
264.96,22.039241790771484
265.01,22.040178298950195
265.05,22.04981803894043
265.08,22.05214500427246
265.14,22.052038192749023
265.19,22.048696517944336
265.19,22.043001174926758
265.22,22.034704208374023
265.26,22.16322135925293
265.31,22.075870513916016
265.36,22.05149269104004
265.4,22.044803619384766
265.42,22.049184799194336
265.43,22.057771682739258
265.48,22.05935287475586
265.52,22.060762405395508
265.56,22.044864654541016
265.59,22.0477352142334
265.63,22.04970359802246
265.69,22.051410675048828
265.72,22.053138732910156
265.78,22.05576515197754
265.82,22.056011199951172
265.85,22.052335739135742
265.87,22.057065963745117
265.9,22.106287002563477
265.93,22.093191146850586
265.98,22.079612731933594
266.03,22.074827194213867
266.07,22.132423400878906
266.12,22.122522354125977
266.13,22.121416091918945
266.16,22.120397567749023
266.2,22.115886688232422
266.25,22.11918067932129
266.28,22.127153396606445
266.33,22.11347007751465
266.38,22.063859939575195
266.42,22.05320930480957
266.43,22.05072021484375
266.46,22.062503814697266
266.49,22.10506248474121
266.53,22.083126068115234
266.59,22.080890655517578
266.63,22.114168167114258
266.68,22.148685455322266
266.69,22.14510154724121
266.72,22.143699645996094
266.76,22.14366340637207
266.81,22.146665573120117
266.85,22.15229606628418
266.9,22.145463943481445
266.94,22.137887954711914
266.99,22.138853073120117
267.02,22.133451461791992
267.06,22.11690902709961
267.1,22.092613220214844
267.15,22.100852966308594
267.2,22.14683723449707
267.24,22.136545181274414
267.27,22.138221740722656
267.3,22.141170501708984
267.32,22.144451141357422
267.36,22.152820587158203
267.41,22.161252975463867
267.45,22.284523010253906
267.5,22.152099609375
267.54,22.118812561035156
267.58,22.106107711791992
267.59,22.124984741210938
267.62,22.16653823852539
267.66,22.154361724853516
267.7,22.157068252563477
267.74,22.168058395385742
267.78,22.17108154296875
267.84,22.121198654174805
267.88,22.105363845825195
267.9,22.103029251098633
267.91,22.10508918762207
267.96,22.140541076660156
267.99,22.16258430480957
268.04,22.13922882080078
268.09,22.141666412353516
268.13,22.215896606445312
268.18,22.19573974609375
268.22,22.179994583129883
268.26,22.176145553588867
268.28,22.181869506835938
268.3,22.176416397094727
268.34,22.177745819091797
268.38,22.183650970458984
268.43,22.192930221557617
268.47,22.201677322387695
268.52,22.19487762451172
268.56,22.184988021850586
268.58,22.18202781677246
268.6,22.17984390258789
268.64,22.173099517822266
268.67,22.166234970092773
268.72,22.17888069152832
268.76,22.247175216674805
268.8,22.22504234313965
268.86,22.202354431152344
268.88,22.205041885375977
268.9,22.225481033325195
268.94,22.239940643310547
268.97,22.229135513305664
268.98,22.22319984436035
269.03,22.21180534362793
269.08,22.19760513305664
269.12,22.193260192871094
269.16,22.191326141357422
269.18,22.200096130371094
269.2,22.210206985473633
269.23,22.239276885986328
269.28,22.24685287475586
269.33,22.22553253173828
269.34,22.219249725341797
269.35,22.221559524536133
269.4,22.276531219482422
269.44,22.289941787719727
269.49,22.24310302734375
269.53,22.2260799407959
269.57,22.203264236450195
269.62,22.196666717529297
269.65,22.2047176361084
269.67,22.317325592041016
269.7,22.274364471435547
269.74,22.25913429260254
269.78,22.235437393188477
269.82,22.246068954467773
269.89,22.320627212524414
269.92,22.302112579345703
269.93,22.296581268310547
269.96,22.29422950744629
270.0,22.306320190429688
270.04,22.317142486572266
270.08,22.318828582763672
270.13,22.316661834716797
270.17,22.313865661621094
270.22,22.29077911376953
270.26,22.25020408630371
270.28,22.233295440673828
270.29,22.220319747924805
270.34,22.292945861816406
270.39,22.30430030822754
270.43,22.294347763061523
270.47,22.276668548583984
270.52,22.270429611206055
270.55,22.27567481994629
270.57,22.280227661132812
270.6,22.285001754760742
270.64,22.295927047729492
270.69,22.298526763916016
270.73,22.294321060180664
270.77,22.28888511657715
270.81,22.277490615844727
270.83,22.27811622619629
270.85,22.2954158782959
270.9,22.374826431274414
270.94,22.334341049194336
270.98,22.312101364135742
271.02,22.368839263916016
271.06,22.417076110839844
271.11,22.425668716430664
271.16,22.378463745117188
271.17,22.348190307617188
271.2,22.332468032836914
271.24,22.31913185119629
271.28,22.31471061706543
271.33,22.31097412109375
271.37,22.307899475097656
271.42,22.39775276184082
271.47,22.336843490600586
271.5,22.349184036254883
271.54,22.43514633178711
271.58,22.4050350189209
271.63,22.38067626953125
271.67,22.371803283691406
271.71,22.376985549926758
271.76,22.404281616210938
271.8,22.41347312927246
271.81,22.411821365356445
271.84,22.405555725097656
271.88,22.37293243408203
271.92,22.349403381347656
271.97,22.410472869873047
272.01,22.43563461303711
272.05,22.394304275512695
272.1,22.389747619628906
272.12,22.39214515686035
272.14,22.396759033203125
272.18,22.408998489379883
272.22,22.574811935424805
272.26,22.42414665222168
272.31,22.41379165649414
272.36,22.3775577545166
272.4,22.48528289794922
272.41,22.435312271118164
272.44,22.473840713500977
272.48,22.4262752532959
272.52,22.392841339111328
272.57,22.408626556396484
272.61,22.481348037719727
272.66,22.487241744995117
272.7,22.467761993408203
272.72,22.454517364501953
272.73,22.434101104736328
272.77,22.410541534423828
272.82,22.405691146850586
272.87,22.415447235107422
272.9,22.509349822998047
272.96,22.483064651489258
273.0,22.44193458557129
273.01,22.431232452392578
273.03,22.444557189941406
273.08,22.507680892944336
273.12,22.54585838317871
273.16,22.511011123657227
273.21,22.481613159179688
273.24,22.48599624633789
273.28,22.508365631103516
273.32,22.537534713745117
273.36,22.53093147277832
273.4,22.512561798095703
273.45,22.490699768066406
273.5,22.49163818359375
273.54,22.512327194213867
273.55,22.51803207397461
273.59,22.519960403442383
273.62,22.52170181274414
273.67,22.53891944885254
273.72,22.540237426757812
273.76,22.500707626342773
273.78,22.532079696655273
273.79,22.597713470458984
273.84,22.578899383544922
273.88,22.54521369934082
273.92,22.540828704833984
273.97,22.546180725097656
274.01,22.559814453125
274.06,22.545991897583008
274.08,22.53898811340332
274.14,22.54035758972168
274.18,22.545513153076172
274.2,22.55257225036621
274.22,22.58883285522461
274.26,22.65669822692871
274.3,22.609291076660156
274.35,22.58690071105957
274.39,22.664134979248047
274.43,22.67780113220215
274.48,22.65735626220703
274.52,22.679460525512695
274.53,22.69110679626465
274.56,22.681894302368164
274.6,22.66559410095215
274.64,22.669963836669922
274.69,22.62166976928711
274.7,22.604835510253906
274.72,22.592931747436523
274.76,22.575420379638672
274.8,22.567317962646484
274.84,22.590444564819336
274.88,22.665727615356445
274.93,22.664918899536133
274.98,22.628787994384766
275.02,22.673099517822266
275.04,22.70560646057129
275.06,22.742023468017578
275.1,22.725513458251953
275.14,22.714872360229492
275.18,22.722684860229492
275.23,22.730836868286133
275.27,22.725074768066406
275.32,22.68755340576172
275.35,22.669137954711914
275.38,22.66159439086914
275.4,22.65346908569336
275.44,22.655563354492188
275.48,22.696130752563477
275.53,22.78388786315918
275.57,22.72153091430664
275.62,22.70941734313965
275.66,22.719127655029297
275.7,22.714357376098633
275.72,22.713109970092773
275.74,22.711763381958008
275.78,22.8295955657959
275.82,22.717315673828125
275.85,22.730010986328125
275.89,22.790771484375
275.94,22.800121307373047
275.99,22.742897033691406
276.03,22.800642013549805
276.07,22.83452796936035
276.12,22.795108795166016
276.13,22.79701042175293
276.16,22.80058479309082
276.2,22.802553176879883
276.24,22.798011779785156
276.29,22.805072784423828
276.34,22.804161071777344
276.38,22.793336868286133
276.4,22.796476364135742
276.42,22.82455062866211
276.46,22.915111541748047
276.5,22.84088897705078
276.55,22.841962814331055
276.6,22.950496673583984
276.64,22.930843353271484
276.66,22.918323516845703
276.67,22.914031982421875
276.72,22.918941497802734
276.76,22.92914390563965
276.81,22.942903518676758
276.84,22.937456130981445
276.9,22.9166202545166
276.94,22.85723304748535
276.98,22.926015853881836
276.99,22.972509384155273
277.02,22.939453125
277.06,22.89761734008789
277.1,22.96352767944336
277.14,23.018461227416992
277.18,23.05739402770996
277.23,23.005435943603516
277.28,22.997594833374023
277.29,23.003253936767578
277.31,23.009815216064453
277.35,23.00824737548828
277.4,22.972570419311523
277.45,22.910663604736328
277.46,22.908714294433594
277.47,22.957002639770508
277.52,23.000795364379883
277.55,22.95065689086914
277.61,22.972658157348633
277.65,23.01806640625
277.7,23.089319229125977
277.74,23.082183837890625
277.76,23.087141036987305
277.77,23.09520149230957
277.82,23.11744499206543
277.86,23.097747802734375
277.91,23.095561981201172
277.96,23.036251068115234
278.0,23.025842666625977
278.01,23.074533462524414
278.03,23.13361358642578
278.08,23.053176879882812
278.12,23.103296279907227
278.15,23.149906158447266
278.21,23.184436798095703
278.25,23.179637908935547
278.3,23.169544219970703
278.34,23.193464279174805
278.39,23.17272186279297
278.42,23.154043197631836
278.46,23.109697341918945
278.5,23.11888885498047
278.54,23.176959991455078
278.58,23.19928550720215
278.63,23.15760612487793
278.67,23.21087646484375
278.72,23.294734954833984
278.76,23.26424789428711
278.77,23.252716064453125
278.79,23.244802474975586
278.84,23.23999786376953
278.88,23.249004364013672
278.92,23.255273818969727
278.97,23.231348037719727
279.02,23.26483917236328
279.06,23.333513259887695
279.08,23.326574325561523
279.1,23.279077529907227
279.13,23.31822395324707
279.18,23.370187759399414
279.22,23.403335571289062
279.27,23.415407180786133
279.31,23.41224479675293
279.35,23.404373168945312
279.4,23.328441619873047
279.44,23.3508358001709
279.46,23.39191436767578
279.48,23.438674926757812
279.51,23.369539260864258
279.56,23.425113677978516
279.6,23.480388641357422
279.61,23.48736000061035
279.63,23.45092010498047
279.68,23.43699073791504
279.72,23.44171714782715
279.77,23.44468879699707
279.81,23.445999145507812
279.86,23.46441078186035
279.9,23.502593994140625
279.92,23.51761245727539
279.93,23.52784538269043
279.98,23.550273895263672
280.02,23.567718505859375
280.07,23.504281997680664
280.11,23.50844383239746
280.15,23.57001304626465
280.2,23.549983978271484
280.23,23.59332275390625
280.25,23.623008728027344
280.28,23.652496337890625
280.32,23.64195442199707
280.36,23.627883911132812
280.4,23.639558792114258
280.45,23.638957977294922
280.49,23.64250946044922
280.54,23.667423248291016
280.58,23.721343994140625
280.63,23.687763214111328
280.67,23.75550079345703
280.71,23.756824493408203
280.76,23.773618698120117
280.77,23.785306930541992
280.8,23.792869567871094
280.84,23.793851852416992
280.88,23.789146423339844
280.91,23.797809600830078
280.93,23.809988021850586
280.95,23.826236724853516
281.0,23.865074157714844
281.03,23.827259063720703
281.08,23.893043518066406
281.13,23.911584854125977
281.17,23.91362953186035
281.21,23.95769691467285
281.25,23.996307373046875
281.3,23.97857666015625
281.32,23.980871200561523
281.33,23.98357582092285
281.37,23.98493766784668
281.41,23.987937927246094
281.47,24.013256072998047
281.47,24.030691146850586
281.49,24.053945541381836
281.54,24.0682430267334
281.57,24.08902359008789
281.62,24.132606506347656
281.64,24.125892639160156
281.66,24.11838722229004
281.7,24.136247634887695
281.74,24.16261100769043
281.77,24.173458099365234
281.8,24.180673599243164
281.81,24.189735412597656
281.86,24.216323852539062
281.89,24.218509674072266
281.94,24.242467880249023
281.97,24.281694412231445
282.03,24.29985237121582
282.06,24.344802856445312
282.11,24.362926483154297
282.16,24.37649917602539
282.19,24.393239974975586
282.21,24.401220321655273
282.23,24.40935516357422
282.27,24.417024612426758
282.32,24.445825576782227
282.36,24.459056854248047
282.38,24.470346450805664
282.39,24.481855392456055
282.44,24.53343391418457
282.48,24.550283432006836
282.52,24.57706069946289
282.53,24.608198165893555
282.57,24.628738403320312
282.61,24.668771743774414
282.65,24.704557418823242
282.7,24.727609634399414
282.74,24.732025146484375
282.75,24.735136032104492
282.77,24.74161148071289
282.82,24.758136749267578
282.86,24.79180145263672
282.9,24.819162368774414
282.95,24.827571868896484
282.98,24.881126403808594
283.04,24.953466415405273
283.08,24.99173355102539
283.09,25.007308959960938
283.12,25.01021957397461
283.15,25.079092025756836
283.19,25.08721923828125
283.21,25.141765594482422
283.25,25.1275577545166
283.29,25.195531845092773
283.34,25.213455200195312
283.37,25.24476432800293
283.39,25.261823654174805
283.42,25.27182960510254
283.46,25.285053253173828
283.5,25.358333587646484
283.54,25.367998123168945
283.59,25.43724822998047
283.63,25.453807830810547
283.68,25.519502639770508
283.71,25.589277267456055
283.74,25.62837028503418
283.75,25.661008834838867
283.8,25.67546844482422
283.84,25.70150375366211
283.84,25.725048065185547
283.88,25.766338348388672
283.94,25.824142456054688
283.97,25.949472427368164
283.99,25.956928253173828
284.02,25.93978500366211
284.06,26.020200729370117
284.09,26.094324111938477
284.15,26.177438735961914
284.18,26.25771713256836
284.24,26.329872131347656
284.28,26.442424774169922
284.31,26.468873977661133
284.33,26.53827667236328
284.36,26.52646827697754
284.4,26.59730339050293
284.45,26.669532775878906
284.49,26.770219802856445
284.53,27.075712203979492
284.59,80.0
284.62,80.0
284.66,80.0
284.7,80.0
284.74,80.0
284.78,80.0
284.83,80.0
284.88,80.0
284.92,80.0
284.96,80.0
284.97,80.0
284.97,80.0
285.04,80.0
285.08,80.0
285.12,80.0
285.16,80.0
285.21,80.0
285.26,80.0
285.31,80.0
285.31,80.0
285.34,80.0
285.38,80.0
285.43,80.0
285.47,80.0
285.52,80.0
285.56,80.0
285.57,80.0
285.6,80.0
