Time,linear.x,linear.y,linear.z,angular.x,angular.y,angular.z
53.49,-0.00019827464136472464,0.0,0.0,0.0,0.0,0.0
53.54,-0.00018482390552200458,0.0,0.0,0.0,0.0,0.0
53.59,-0.00020124602366305294,0.0,0.0,0.0,0.0,0.0
53.64,-0.00021642394392995697,0.0,0.0,0.0,0.0,0.0
53.7,-0.0001988527113928459,0.0,0.0,0.0,0.0,0.0
53.74,-0.00020404635051747406,0.0,0.0,0.0,0.0,0.0
53.79,-0.0001953501352133742,0.0,0.0,0.0,0.0,0.0
53.84,-0.00018302270359200188,0.0,0.0,0.0,0.0,0.0
53.89,-0.00020423346164648832,0.0,0.0,0.0,0.0,0.0
53.94,-0.00019334662636963796,0.0,0.0,0.0,0.0,0.0
53.99,-0.00020684501703532662,0.0,0.0,0.0,0.0,0.0
54.04,-0.00018965180067382432,0.0,0.0,0.0,0.0,0.0
54.09,-0.00020716008710524038,0.0,0.0,0.0,0.0,0.0
54.14,-0.0001758414554939807,0.0,0.0,0.0,0.0,0.0
54.19,-0.00019196859442407026,0.0,0.0,0.0,0.0,0.0
54.25,-0.00018990886795393962,0.0,0.0,0.0,0.0,0.0
54.29,-0.00022254505731939868,0.0,0.0,0.0,0.0,0.0
54.35,-0.00018210095244478616,0.0,0.0,0.0,0.0,0.0
54.4,-0.00019878023501093816,0.0,0.0,0.0,0.0,0.0
54.45,-0.00017609107696195132,0.0,0.0,0.0,0.0,0.0
54.5,-0.0001901462804099812,0.0,0.0,0.0,0.0,0.0
54.55,-0.00018207792581128004,0.0,0.0,0.0,0.0,0.0
54.59,-0.00018455522119840848,0.0,0.0,0.0,0.0,0.0
54.65,-0.00021218247740588384,0.0,0.0,0.0,0.0,0.0
54.69,-0.00018529179201109966,0.0,0.0,0.0,0.0,0.0
54.74,-0.0001982142574963654,0.0,0.0,0.0,0.0,0.0
54.8,-0.00018498324404577225,0.0,0.0,0.0,0.0,0.0
54.85,-0.00022228009741348035,0.0,0.0,0.0,0.0,0.0
54.9,-0.00019216346829226377,0.0,0.0,0.0,0.0,0.0
54.95,-0.00022044195820793502,0.0,0.0,0.0,0.0,0.0
55.0,-0.00017637428893570186,0.0,0.0,0.0,0.0,0.0
55.05,-0.00020274166958577416,0.0,0.0,0.0,0.0,0.0
55.1,-0.00018082768217350263,0.0,0.0,0.0,0.0,0.0
55.14,-0.000226078034440367,0.0,0.0,0.0,0.0,0.0
55.2,-0.0001890846349324338,0.0,0.0,0.0,0.0,0.0
55.25,-0.00020682034454269668,0.0,0.0,0.0,0.0,0.0
55.3,-0.00019023611994413303,0.0,0.0,0.0,0.0,0.0
55.35,-0.00020190444283288056,0.0,0.0,0.0,0.0,0.0
55.4,-0.00018536450896499033,0.0,0.0,0.0,0.0,0.0
55.45,-0.00021517504663717628,0.0,0.0,0.0,0.0,0.0
55.5,-0.00020363179538422166,0.0,0.0,0.0,0.0,0.0
55.55,-0.00022249337703777528,0.0,0.0,0.0,0.0,0.0
55.6,-0.00018527259153635782,0.0,0.0,0.0,0.0,0.0
55.65,-0.00018048739837489626,0.0,0.0,0.0,0.0,0.0
55.7,-0.0002221722545034363,0.0,0.0,0.0,0.0,0.0
55.75,-0.00018542532779711068,0.0,0.0,0.0,0.0,0.0
55.8,-0.00018982641724948188,0.0,0.0,0.0,0.0,0.0
55.85,-0.000205045394479424,0.0,0.0,0.0,0.0,0.0
55.9,-0.00021866931363402717,0.0,0.0,0.0,0.0,0.0
55.95,-0.00019153466320449882,0.0,0.0,0.0,0.0,0.0
56.0,-0.00020312087685922726,0.0,0.0,0.0,0.0,0.0
56.05,-0.00019074244503280288,0.0,0.0,0.0,0.0,0.0
56.1,-0.00019565078708224737,0.0,0.0,0.0,0.0,0.0
56.15,-0.0002000493051291416,0.0,0.0,0.0,0.0,0.0
56.2,-0.0002134203104535731,0.0,0.0,0.0,0.0,0.0
56.25,-0.00020295352489743036,0.0,0.0,0.0,0.0,0.0
56.3,-0.00019954910099565036,0.0,0.0,0.0,0.0,0.0
56.35,-0.0001899195537096152,0.0,0.0,0.0,0.0,0.0
56.4,-0.00019328504089006303,0.0,0.0,0.0,0.0,0.0
56.45,-0.00019664243207837958,0.0,0.0,0.0,0.0,0.0
56.5,-0.00021590821478664564,0.0,0.0,0.0,0.0,0.0
56.55,-0.00020115213884333813,0.0,0.0,0.0,0.0,0.0
56.6,-0.00019372479022565492,0.0,0.0,0.0,0.0,0.0
56.65,-0.00019521427132227967,0.0,0.0,0.0,0.0,0.0
56.7,-0.00018830834703191028,0.0,0.0,0.0,0.0,0.0
56.75,-0.00018795942900380933,0.0,0.0,0.0,0.0,0.0
56.8,-0.000228540195801462,0.0,0.0,0.0,0.0,0.0
56.85,-0.00019963397521492125,0.0,0.0,0.0,0.0,0.0
56.9,-0.0001970166486312997,0.0,0.0,0.0,0.0,0.0
56.95,-0.0001913880187607084,0.0,0.0,0.0,0.0,0.0
57.0,-0.00019082312011898305,0.0,0.0,0.0,0.0,0.0
57.05,0.043392843829243924,0.0,0.0,0.0,0.0,0.0
57.1,0.18284957719877826,0.0,0.0,0.0,0.0,0.0
57.15,0.13629204182189464,0.0,0.0,0.0,0.0,0.0
57.2,0.3857853708621949,0.0,0.0,0.0,0.0,0.0
57.25,0.43652073199834657,0.0,0.0,0.0,0.0,0.0
57.3,0.6186550938613022,0.0,0.0,0.0,0.0,0.0
57.35,0.608597269073192,0.0,0.0,0.0,0.0,0.0
57.4,0.7237346059765453,0.0,0.0,0.0,0.0,0.0
57.45,0.7393357991454517,0.0,0.0,0.0,0.0,0.0
57.5,0.8973168043729205,0.0,0.0,0.0,0.0,0.0
57.55,1.0136592021937205,0.0,0.0,0.0,0.0,0.0
57.6,1.0263614937068124,0.0,0.0,0.0,0.0,0.0
57.65,1.1759789814151618,0.0,0.0,0.0,0.0,0.0
57.7,1.29607892579931,0.0,0.0,0.0,0.0,0.0
57.75,1.504303366322051,0.0,0.0,0.0,0.0,0.0
57.8,1.6879096890444993,0.0,0.0,0.0,0.0,0.0
57.85,1.8907636586636332,0.0,0.0,0.0,0.0,0.0
57.9,2.001725989863283,0.0,0.0,0.0,0.0,0.0
57.95,2.2639744956634344,0.0,0.0,0.0,0.0,0.0
58.0,2.398122524027019,0.0,0.0,0.0,0.0,0.0
58.05,2.5957049677126403,0.0,0.0,0.0,0.0,0.0
58.1,2.709996963136593,0.0,0.0,0.0,0.0,0.0
58.15,2.827511287773958,0.0,0.0,0.0,0.0,0.0
58.2,2.773818226758772,0.0,0.0,0.0,0.0,0.0
58.25,2.9480108211895937,0.0,0.0,0.0,0.0,0.0
58.3,2.940426881474468,0.0,0.0,0.0,0.0,0.0
58.35,2.985716024138684,0.0,0.0,0.0,0.0,0.0
58.4,2.904128630667885,0.0,0.0,0.0,0.0,0.0
58.45,2.829415688658874,0.0,0.0,0.0,0.0,0.0
58.5,2.71827321653743,0.0,0.0,0.0,0.0,0.0
58.55,2.5243492828026355,0.0,0.0,0.0,0.0,0.0
58.6,2.275858011169953,0.0,0.0,0.0,0.0,0.0
58.65,1.9545158923709705,0.0,0.0,0.0,0.0,0.0
58.7,1.6111980230405085,0.0,0.0,0.0,0.0,0.0
58.75,1.2401757133988693,0.0,0.0,0.0,0.0,0.0
58.8,0.8705066336382624,0.0,0.0,0.0,0.0,0.0
58.85,0.4505648139593187,0.0,0.0,0.0,0.0,0.0
58.9,0.09573140169266714,0.0,0.0,0.0,0.0,0.0
58.95,-0.29149577123143344,0.0,0.0,0.0,0.0,0.0
59.0,-0.6471818853628518,0.0,0.0,0.0,0.0,0.0
59.05,-1.0369152520966494,0.0,0.0,0.0,0.0,0.0
59.1,-1.3753465610011706,0.0,0.0,0.0,0.0,0.0
59.14,-1.715646966896368,0.0,0.0,0.0,0.0,0.0
59.2,-2.026327977690397,0.0,0.0,0.0,0.0,0.0
59.25,-2.328451275792904,0.0,0.0,0.0,0.0,0.0
59.29,-2.5977896103445572,0.0,0.0,0.0,0.0,0.0
59.34,-2.741537002052877,0.0,0.0,0.0,0.0,0.0
59.39,-2.7937399546720947,0.0,0.0,0.0,0.0,0.0
59.44,-2.870467421297976,0.0,0.0,0.0,0.0,0.0
59.49,-2.826706760951467,0.0,0.0,0.0,0.0,0.0
59.54,-2.7505864424916076,0.0,0.0,0.0,0.0,0.0
59.59,-2.61357513322742,0.0,0.0,0.0,0.0,0.0
59.64,-2.4991425326927597,0.0,0.0,0.0,0.0,0.0
59.7,-2.295769400790582,0.0,0.0,0.0,0.0,0.0
59.75,-2.3322826865865762,0.0,0.0,0.0,0.0,0.0
59.8,-2.267711279695799,0.0,0.0,0.0,0.0,0.0
59.85,-2.3128307297328634,0.0,0.0,0.0,0.0,0.0
59.89,-2.3055795662960934,0.0,0.0,0.0,0.0,0.0
59.95,-2.256125917643131,0.0,0.0,0.0,0.0,0.0
60.0,-2.232460806987035,0.0,0.0,0.0,0.0,0.0
60.05,-2.1545306162921696,0.0,0.0,0.0,0.0,0.0
60.09,-2.0493460441299067,0.0,0.0,0.0,0.0,0.0
60.15,-1.8660770745415238,0.0,0.0,0.0,0.0,0.0
60.19,-1.6798426450988346,0.0,0.0,0.0,0.0,0.0
60.24,-1.3835617230913517,0.0,0.0,0.0,0.0,0.0
60.29,-1.2217806494709569,0.0,0.0,0.0,0.0,0.0
60.34,-0.9069022187223169,0.0,0.0,0.0,0.0,0.0
60.4,-0.6686415325216655,0.0,0.0,0.0,0.0,0.0
60.45,-0.2408068796223759,0.0,0.0,0.0,0.0,0.0
60.5,-0.009862814644961748,0.0,0.0,0.0,0.0,0.0
60.55,0.5109778793594677,0.0,0.0,0.0,0.0,0.0
60.6,0.8022969002582063,0.0,0.0,0.0,0.0,0.0
60.65,1.2081839588028,0.0,0.0,0.0,0.0,0.0
60.7,1.4506500673330285,0.0,0.0,0.0,0.0,0.0
60.75,1.9545834063810268,0.0,0.0,0.0,0.0,0.0
60.8,2.144582738073226,0.0,0.0,0.0,0.0,0.0
60.85,2.3690866308360627,0.0,0.0,0.0,0.0,0.0
60.9,2.733775212130314,0.0,0.0,0.0,0.0,0.0
60.95,2.871889768908274,0.0,0.0,0.0,0.0,0.0
61.0,3.0905854149086593,0.0,0.0,0.0,0.0,0.0
61.04,3.2927480889618934,0.0,0.0,0.0,0.0,0.0
61.09,3.2776338162171146,0.0,0.0,0.0,0.0,0.0
61.14,3.440776526773464,0.0,0.0,0.0,0.0,0.0
61.2,3.363050014194192,0.0,0.0,0.0,0.0,0.0
61.24,3.265507371440498,0.0,0.0,0.0,0.0,0.0
61.3,3.0860610401901574,0.0,0.0,0.0,0.0,0.0
61.35,2.948278137800501,0.0,0.0,0.0,0.0,0.0
61.39,2.6868338652400063,0.0,0.0,0.0,0.0,0.0
61.44,2.2934167561096928,0.0,0.0,0.0,0.0,0.0
61.5,1.8980273266417056,0.0,0.0,0.0,0.0,0.0
61.55,1.3719810229609428,0.0,0.0,0.0,0.0,0.0
61.6,0.8931588208032231,0.0,0.0,0.0,0.0,0.0
61.64,0.40709425662299775,0.0,0.0,0.0,0.0,0.0
61.69,0.015483238428685847,0.0,0.0,0.0,0.0,0.0
61.74,-0.5161695780237429,0.0,0.0,0.0,0.0,0.0
61.79,-0.9008981698272129,0.0,0.0,0.0,0.0,0.0
61.85,-1.3290513205965848,0.0,0.0,0.0,0.0,0.0
61.9,-1.7118948049353993,0.0,0.0,0.0,0.0,0.0
61.95,-2.1127079259667614,0.0,0.0,0.0,0.0,0.0
62.0,-2.374199512477068,0.0,0.0,0.0,0.0,0.0
62.04,-2.6912040826405335,0.0,0.0,0.0,0.0,0.0
62.09,-2.814034897063375,0.0,0.0,0.0,0.0,0.0
62.14,-2.8833714892352433,0.0,0.0,0.0,0.0,0.0
62.19,-2.8559203282643146,0.0,0.0,0.0,0.0,0.0
62.25,-2.7629230767820157,0.0,0.0,0.0,0.0,0.0
62.3,-2.5513709945857137,0.0,0.0,0.0,0.0,0.0
62.35,-2.4807684770458245,0.0,0.0,0.0,0.0,0.0
62.39,-2.3064735376930527,0.0,0.0,0.0,0.0,0.0
62.44,-2.1971618254032705,0.0,0.0,0.0,0.0,0.0
62.5,-2.0302829809672747,0.0,0.0,0.0,0.0,0.0
62.55,-1.8806855349480425,0.0,0.0,0.0,0.0,0.0
62.59,-1.5986441832515441,0.0,0.0,0.0,0.0,0.0
62.64,-1.5166943065925522,0.0,0.0,0.0,0.0,0.0
62.69,-1.303960559252597,0.0,0.0,0.0,0.0,0.0
62.74,-1.1664746328594409,0.0,0.0,0.0,0.0,0.0
62.79,-0.952565981875994,0.0,0.0,0.0,0.0,0.0
62.84,-0.7861990595207475,0.0,0.0,0.0,0.0,0.0
62.89,-0.5456079737809866,0.0,0.0,0.0,0.0,0.0
62.94,-0.2792961747189378,0.0,0.0,0.0,0.0,0.0
62.99,0.009875609397705154,0.0,0.0,0.0,0.0,0.0
63.04,0.4604997957864686,0.0,0.0,0.0,0.0,0.0
63.09,0.5428155400789632,0.0,0.0,0.0,0.0,0.0
63.14,1.0257070756526445,0.0,0.0,0.0,0.0,0.0
63.19,1.1769152085988344,0.0,0.0,0.0,0.0,0.0
63.24,1.5151821931520904,0.0,0.0,0.0,0.0,0.0
63.29,1.731115213484054,0.0,0.0,0.0,0.0,0.0
63.34,2.149430177359709,0.0,0.0,0.0,0.0,0.0
63.39,2.3033566712986455,0.0,0.0,0.0,0.0,0.0
63.44,2.529281102029373,0.0,0.0,0.0,0.0,0.0
63.49,2.5802057570917762,0.0,0.0,0.0,0.0,0.0
63.54,2.791928590234415,0.0,0.0,0.0,0.0,0.0
63.59,2.8348103600178676,0.0,0.0,0.0,0.0,0.0
63.64,2.839588460526097,0.0,0.0,0.0,0.0,0.0
63.69,2.901092963527547,0.0,0.0,0.0,0.0,0.0
63.74,2.7344579232176054,0.0,0.0,0.0,0.0,0.0
63.79,2.658265415120724,0.0,0.0,0.0,0.0,0.0
63.84,2.4125566247151013,0.0,0.0,0.0,0.0,0.0
63.89,2.2122582535897406,0.0,0.0,0.0,0.0,0.0
63.94,1.902521653769691,0.0,0.0,0.0,0.0,0.0
63.99,1.6512764110473843,0.0,0.0,0.0,0.0,0.0
64.04,1.2648385808608396,0.0,0.0,0.0,0.0,0.0
64.09,0.9734266106098226,0.0,0.0,0.0,0.0,0.0
64.14,0.629941388348249,0.0,0.0,0.0,0.0,0.0
64.19,0.27396124481016587,0.0,0.0,0.0,0.0,0.0
64.24,-0.13318107499574927,0.0,0.0,0.0,0.0,0.0
64.29,-0.48828955411302105,0.0,0.0,0.0,0.0,0.0
64.34,-0.8108844699045721,0.0,0.0,0.0,0.0,0.0
64.39,-1.1608237234597913,0.0,0.0,0.0,0.0,0.0
64.44,-1.3284046713250002,0.0,0.0,0.0,0.0,0.0
64.49,-1.6725722030575025,0.0,0.0,0.0,0.0,0.0
64.54,-1.7861509354077334,0.0,0.0,0.0,0.0,0.0
64.59,-1.9168056587771072,0.0,0.0,0.0,0.0,0.0
64.64,-2.01552314887846,0.0,0.0,0.0,0.0,0.0
64.7,-1.9226202436745425,0.0,0.0,0.0,0.0,0.0
64.74,-1.97670668120353,0.0,0.0,0.0,0.0,0.0
64.79,-1.9044283120715275,0.0,0.0,0.0,0.0,0.0
64.84,-1.9567696997278388,0.0,0.0,0.0,0.0,0.0
64.89,-1.9112767373928612,0.0,0.0,0.0,0.0,0.0
64.94,-1.926867254169251,0.0,0.0,0.0,0.0,0.0
64.99,-2.030131243176729,0.0,0.0,0.0,0.0,0.0
65.04,-2.065492561566639,0.0,0.0,0.0,0.0,0.0
65.09,-2.1359961909317553,0.0,0.0,0.0,0.0,0.0
65.14,-2.1530502173846897,0.0,0.0,0.0,0.0,0.0
65.19,-2.1402271240621857,0.0,0.0,0.0,0.0,0.0
65.24,-2.002925178697059,0.0,0.0,0.0,0.0,0.0
65.29,-1.8558867140682729,0.0,0.0,0.0,0.0,0.0
65.34,-1.74385247493223,0.0,0.0,0.0,0.0,0.0
65.39,-1.532706106416117,0.0,0.0,0.0,0.0,0.0
65.44,-1.2898427789333924,0.0,0.0,0.0,0.0,0.0
65.49,-0.9776687609009145,0.0,0.0,0.0,0.0,0.0
65.54,-0.5672341080174347,0.0,0.0,0.0,0.0,0.0
65.59,-0.2120301613065536,0.0,0.0,0.0,0.0,0.0
65.64,0.23002675716692622,0.0,0.0,0.0,0.0,0.0
65.69,0.6238660434847015,0.0,0.0,0.0,0.0,0.0
65.74,1.0225782944237831,0.0,0.0,0.0,0.0,0.0
65.79,1.34722432211951,0.0,0.0,0.0,0.0,0.0
65.84,1.721536754133612,0.0,0.0,0.0,0.0,0.0
65.89,1.855292486955201,0.0,0.0,0.0,0.0,0.0
65.94,2.316373735599007,0.0,0.0,0.0,0.0,0.0
65.99,2.5178054771176654,0.0,0.0,0.0,0.0,0.0
66.04,2.8730264250036126,0.0,0.0,0.0,0.0,0.0
66.09,3.05492929175163,0.0,0.0,0.0,0.0,0.0
66.14,3.253929581843148,0.0,0.0,0.0,0.0,0.0
66.19,3.4891556520204343,0.0,0.0,0.0,0.0,0.0
66.24,3.7344643949773384,0.0,0.0,0.0,0.0,0.0
66.29,3.944847955391553,0.0,0.0,0.0,0.0,0.0
66.34,4.14858777982662,0.0,0.0,0.0,0.0,0.0
66.39,4.193539204460122,0.0,0.0,0.0,0.0,0.0
66.44,4.3474913307099055,0.0,0.0,0.0,0.0,0.0
66.49,4.260791306836617,0.0,0.0,0.0,0.0,0.0
66.54,3.998500181535678,0.0,0.0,0.0,0.0,0.0
66.59,3.7665687338676697,0.0,0.0,0.0,0.0,0.0
66.64,3.230601504063113,0.0,0.0,0.0,0.0,0.0
66.69,2.885547274771241,0.0,0.0,0.0,0.0,0.0
66.74,2.112004763835138,0.0,0.0,0.0,0.0,0.0
66.79,1.6709267011309477,0.0,0.0,0.0,0.0,0.0
66.84,1.0710506647849085,0.0,0.0,0.0,0.0,0.0
66.89,0.6482249432119336,0.0,0.0,0.0,0.0,0.0
66.94,0.1945883820439498,0.0,0.0,0.0,0.0,0.0
66.99,-0.09950172989853123,0.0,0.0,0.0,0.0,0.0
67.04,-0.4475966569957851,0.0,0.0,0.0,0.0,0.0
67.09,-0.7260697633528678,0.0,0.0,0.0,0.0,0.0
67.14,-1.01407153899528,0.0,0.0,0.0,0.0,0.0
67.19,-1.3512660797135432,0.0,0.0,0.0,0.0,0.0
67.24,-1.661759015247371,0.0,0.0,0.0,0.0,0.0
67.29,-1.9205438984941041,0.0,0.0,0.0,0.0,0.0
67.34,-2.3088586084946696,0.0,0.0,0.0,0.0,0.0
67.39,-2.58643066923447,0.0,0.0,0.0,0.0,0.0
67.44,-2.916240895328984,0.0,0.0,0.0,0.0,0.0
67.49,-3.135073276479921,0.0,0.0,0.0,0.0,0.0
67.54,-3.266224290570732,0.0,0.0,0.0,0.0,0.0
67.59,-3.0748318999861417,0.0,0.0,0.0,0.0,0.0
67.64,-3.196266841682712,0.0,0.0,0.0,0.0,0.0
67.69,-2.927573065699511,0.0,0.0,0.0,0.0,0.0
67.74,-2.7941370568350243,0.0,0.0,0.0,0.0,0.0
67.79,-2.4933089920480347,0.0,0.0,0.0,0.0,0.0
67.84,-2.377316236556245,0.0,0.0,0.0,0.0,0.0
67.89,-2.1127748093738092,0.0,0.0,0.0,0.0,0.0
67.94,-1.9964845423527808,0.0,0.0,0.0,0.0,0.0
67.99,-2.046404976488768,0.0,0.0,0.0,0.0,0.0
68.04,-2.0090216937415226,0.0,0.0,0.0,0.0,0.0
68.09,-1.961480507282301,0.0,0.0,0.0,0.0,0.0
68.14,-1.8493291884667413,0.0,0.0,0.0,0.0,0.0
68.19,-1.6454506464203478,0.0,0.0,0.0,0.0,0.0
68.24,-1.414493941858269,0.0,0.0,0.0,0.0,0.0
68.29,-1.0577041249289612,0.0,0.0,0.0,0.0,0.0
68.34,-0.6324226432938294,0.0,0.0,0.0,0.0,0.0
68.39,-0.21030000656382347,0.0,0.0,0.0,0.0,0.0
68.44,0.18506427267792902,0.0,0.0,0.0,0.0,0.0
68.49,0.6697817970816087,0.0,0.0,0.0,0.0,0.0
68.54,1.1217802799534395,0.0,0.0,0.0,0.0,0.0
68.59,1.5922185581284327,0.0,0.0,0.0,0.0,0.0
68.64,2.0326672225463875,0.0,0.0,0.0,0.0,0.0
68.7,2.460876442041941,0.0,0.0,0.0,0.0,0.0
68.74,2.8463229707276425,0.0,0.0,0.0,0.0,0.0
68.79,3.1948351352048263,0.0,0.0,0.0,0.0,0.0
68.84,3.544790410043287,0.0,0.0,0.0,0.0,0.0
68.89,3.8969524789384105,0.0,0.0,0.0,0.0,0.0
68.94,4.203467196380878,0.0,0.0,0.0,0.0,0.0
68.99,4.480549547737298,0.0,0.0,0.0,0.0,0.0
69.04,4.587195335932607,0.0,0.0,0.0,0.0,0.0
69.09,4.662646140240648,0.0,0.0,0.0,0.0,0.0
69.14,4.613863164812992,0.0,0.0,0.0,0.0,0.0
69.19,4.515265577170942,0.0,0.0,0.0,0.0,0.0
69.24,4.3163936406210475,0.0,0.0,0.0,0.0,0.0
69.29,4.0750746973308605,0.0,0.0,0.0,0.0,0.0
69.34,3.782745686255532,0.0,0.0,0.0,0.0,0.0
69.39,3.5838562724312584,0.0,0.0,0.0,0.0,0.0
69.44,3.2388622079117777,0.0,0.0,0.0,0.0,0.0
69.49,2.9898796175839024,0.0,0.0,0.0,0.0,0.0
69.54,2.6833731059337698,0.0,0.0,0.0,0.0,0.0
69.59,2.3982883297246986,0.0,0.0,0.0,0.0,0.0
69.64,2.1095148519877913,0.0,0.0,0.0,0.0,0.0
69.69,1.816327209041574,0.0,0.0,0.0,0.0,0.0
69.74,1.4880243950576222,0.0,0.0,0.0,0.0,0.0
69.79,1.1777829375158748,0.0,0.0,0.0,0.0,0.0
69.84,0.8549392970010026,0.0,0.0,0.0,0.0,0.0
69.89,0.5585728185115315,0.0,0.0,0.0,0.0,0.0
69.94,0.20693705978843013,0.0,0.0,0.0,0.0,0.0
69.99,-0.06969387102718039,0.0,0.0,0.0,0.0,0.0
70.04,-0.3279078887251934,0.0,0.0,0.0,0.0,0.0
70.09,-0.5473979053494975,0.0,0.0,0.0,0.0,0.0
70.14,-0.7049010018245396,0.0,0.0,0.0,0.0,0.0
70.19,-0.8947961073564012,0.0,0.0,0.0,0.0,0.0
70.24,-0.9248061526138915,0.0,0.0,0.0,0.0,0.0
70.29,-1.04349290440743,0.0,0.0,0.0,0.0,0.0
70.34,-1.1051517833648568,0.0,0.0,0.0,0.0,0.0
70.39,-1.18842333093455,0.0,0.0,0.0,0.0,0.0
70.44,-1.2530514214495774,0.0,0.0,0.0,0.0,0.0
70.49,-1.3375762123016948,0.0,0.0,0.0,0.0,0.0
70.54,-1.405975681690975,0.0,0.0,0.0,0.0,0.0
70.59,-1.471122822950461,0.0,0.0,0.0,0.0,0.0
70.64,-1.5182925867518595,0.0,0.0,0.0,0.0,0.0
70.69,-1.5432531384527997,0.0,0.0,0.0,0.0,0.0
70.74,-1.543796454657267,0.0,0.0,0.0,0.0,0.0
70.79,-1.5455942626971035,0.0,0.0,0.0,0.0,0.0
70.84,-1.477773587211503,0.0,0.0,0.0,0.0,0.0
70.89,-1.4185158375933045,0.0,0.0,0.0,0.0,0.0
70.94,-1.3077310192057405,0.0,0.0,0.0,0.0,0.0
70.99,-1.2023592221754469,0.0,0.0,0.0,0.0,0.0
71.04,-1.0889008210533437,0.0,0.0,0.0,0.0,0.0
71.09,-1.0685384354029,0.0,0.0,0.0,0.0,0.0
71.14,-0.9322308490496005,0.0,0.0,0.0,0.0,0.0
71.19,-0.8995647948003822,0.0,0.0,0.0,0.0,0.0
71.24,-0.8192722173981325,0.0,0.0,0.0,0.0,0.0
71.29,-0.7816246091014126,0.0,0.0,0.0,0.0,0.0
71.34,-0.6739745893072585,0.0,0.0,0.0,0.0,0.0
71.39,-0.612463506610291,0.0,0.0,0.0,0.0,0.0
71.44,-0.5062277638565793,0.0,0.0,0.0,0.0,0.0
71.49,-0.3164782482387062,0.0,0.0,0.0,0.0,0.0
71.54,-0.15863105219012563,0.0,0.0,0.0,0.0,0.0
71.59,0.022217018357128637,0.0,0.0,0.0,0.0,0.0
71.64,0.19291343238241487,0.0,0.0,0.0,0.0,0.0
71.69,0.3102554282486456,0.0,0.0,0.0,0.0,0.0
71.74,0.45569388040022163,0.0,0.0,0.0,0.0,0.0
71.79,0.5387961004272265,0.0,0.0,0.0,0.0,0.0
71.84,0.605025506540803,0.0,0.0,0.0,0.0,0.0
71.89,0.6646176024132447,0.0,0.0,0.0,0.0,0.0
71.94,0.7088923491435729,0.0,0.0,0.0,0.0,0.0
71.99,0.7363429492924848,0.0,0.0,0.0,0.0,0.0
72.04,0.7419827072463466,0.0,0.0,0.0,0.0,0.0
72.09,0.7468832508523382,0.0,0.0,0.0,0.0,0.0
72.14,0.7330112363562411,0.0,0.0,0.0,0.0,0.0
72.19,0.7162169849568666,0.0,0.0,0.0,0.0,0.0
72.24,0.6792727712987741,0.0,0.0,0.0,0.0,0.0
72.29,0.6442228228983471,0.0,0.0,0.0,0.0,0.0
72.34,0.5945947979740822,0.0,0.0,0.0,0.0,0.0
72.39,0.5282595567836785,0.0,0.0,0.0,0.0,0.0
72.44,0.451496981228952,0.0,0.0,0.0,0.0,0.0
72.49,0.3590758096779478,0.0,0.0,0.0,0.0,0.0
72.54,0.2869453551828407,0.0,0.0,0.0,0.0,0.0
72.59,0.21829877172759027,0.0,0.0,0.0,0.0,0.0
72.64,0.16242213511210551,0.0,0.0,0.0,0.0,0.0
72.69,0.12243019842126096,0.0,0.0,0.0,0.0,0.0
72.74,0.09618345984492518,0.0,0.0,0.0,0.0,0.0
72.79,0.08855584463404195,0.0,0.0,0.0,0.0,0.0
72.84,0.08496770802386175,0.0,0.0,0.0,0.0,0.0
72.89,0.07754769150341828,0.0,0.0,0.0,0.0,0.0
72.94,0.07795945705158037,0.0,0.0,0.0,0.0,0.0
72.99,0.0744022420172895,0.0,0.0,0.0,0.0,0.0
73.04,0.07577344147307224,0.0,0.0,0.0,0.0,0.0
73.09,0.08135385474732426,0.0,0.0,0.0,0.0,0.0
73.14,0.07920652942378972,0.0,0.0,0.0,0.0,0.0
73.19,0.07584097686773264,0.0,0.0,0.0,0.0,0.0
73.24,0.0777216742960027,0.0,0.0,0.0,0.0,0.0
73.29,0.07491487599457891,0.0,0.0,0.0,0.0,0.0
73.34,0.07038625094505263,0.0,0.0,0.0,0.0,0.0
73.39,0.0864350881317253,0.0,0.0,0.0,0.0,0.0
73.44,0.07030953019691019,0.0,0.0,0.0,0.0,0.0
73.49,0.07445183628539151,0.0,0.0,0.0,0.0,0.0
73.54,0.06656098247578585,0.0,0.0,0.0,0.0,0.0
73.59,0.06778315554282577,0.0,0.0,0.0,0.0,0.0
73.64,0.06577896227401347,0.0,0.0,0.0,0.0,0.0
73.69,0.07769503160218574,0.0,0.0,0.0,0.0,0.0
73.74,0.06410641537623113,0.0,0.0,0.0,0.0,0.0
73.79,0.06882903528712413,0.0,0.0,0.0,0.0,0.0
73.84,0.060780307180561564,0.0,0.0,0.0,0.0,0.0
73.89,0.06066735716752591,0.0,0.0,0.0,0.0,0.0
73.94,0.0567246448246531,0.0,0.0,0.0,0.0,0.0
73.99,0.08348155441182252,0.0,0.0,0.0,0.0,0.0
74.04,0.06246861654454396,0.0,0.0,0.0,0.0,0.0
74.09,0.07653304419308318,0.0,0.0,0.0,0.0,0.0
74.14,0.06641814487257064,0.0,0.0,0.0,0.0,0.0
74.19,0.07324715140988167,0.0,0.0,0.0,0.0,0.0
74.24,0.0721997721037203,0.0,0.0,0.0,0.0,0.0
74.29,0.10905390889881475,0.0,0.0,0.0,0.0,0.0
74.34,0.08690142889442737,0.0,0.0,0.0,0.0,0.0
74.39,0.10871904556259909,0.0,0.0,0.0,0.0,0.0
74.44,0.09911539979361725,0.0,0.0,0.0,0.0,0.0
74.49,0.11133731612307494,0.0,0.0,0.0,0.0,0.0
74.54,0.12800634186879586,0.0,0.0,0.0,0.0,0.0
74.59,0.11491616407087844,0.0,0.0,0.0,0.0,0.0
74.64,0.13341675117610355,0.0,0.0,0.0,0.0,0.0
74.69,0.12997803120196316,0.0,0.0,0.0,0.0,0.0
74.74,0.12099670942165261,0.0,0.0,0.0,0.0,0.0
74.79,0.15089280206001968,0.0,0.0,0.0,0.0,0.0
74.84,0.12919723079978754,0.0,0.0,0.0,0.0,0.0
74.89,0.14321951909302358,0.0,0.0,0.0,0.0,0.0
74.94,0.14350977358208283,0.0,0.0,0.0,0.0,0.0
74.99,0.15555555839388363,0.0,0.0,0.0,0.0,0.0
75.04,0.13711886513148702,0.0,0.0,0.0,0.0,0.0
75.09,0.1705473103928174,0.0,0.0,0.0,0.0,0.0
75.14,0.1426957019440576,0.0,0.0,0.0,0.0,0.0
75.19,0.16140041717514012,0.0,0.0,0.0,0.0,0.0
75.24,0.14386184228289334,0.0,0.0,0.0,0.0,0.0
75.29,0.16141359926881327,0.0,0.0,0.0,0.0,0.0
75.34,0.15262268140117183,0.0,0.0,0.0,0.0,0.0
75.39,0.15876050470290715,0.0,0.0,0.0,0.0,0.0
75.44,0.14865338782375404,0.0,0.0,0.0,0.0,0.0
75.49,0.1514950248594071,0.0,0.0,0.0,0.0,0.0
75.54,0.14912394523481468,0.0,0.0,0.0,0.0,0.0
75.59,0.16662081685724983,0.0,0.0,0.0,0.0,0.0
75.64,0.18021609480761494,0.0,0.0,0.0,0.0,0.0
75.69,0.1677960072229563,0.0,0.0,0.0,0.0,0.0
75.74,0.17495696265397978,0.0,0.0,0.0,0.0,0.0
75.79,0.16966192000925853,0.0,0.0,0.0,0.0,0.0
75.84,0.17538719953608986,0.0,0.0,0.0,0.0,0.0
75.89,0.1698950796936635,0.0,0.0,0.0,0.0,0.0
75.94,0.18951853430405055,0.0,0.0,0.0,0.0,0.0
75.99,0.2050504849629672,0.0,0.0,0.0,0.0,0.0
76.04,0.19179439195625694,0.0,0.0,0.0,0.0,0.0
76.09,0.1999390447227637,0.0,0.0,0.0,0.0,0.0
76.14,0.19299260089976236,0.0,0.0,0.0,0.0,0.0
76.19,0.1944561562164211,0.0,0.0,0.0,0.0,0.0
76.24,0.18877003371369758,0.0,0.0,0.0,0.0,0.0
76.29,0.2386257999455969,0.0,0.0,0.0,0.0,0.0
76.34,0.198696366394416,0.0,0.0,0.0,0.0,0.0
76.39,0.22415944627862744,0.0,0.0,0.0,0.0,0.0
76.44,0.20706139014235542,0.0,0.0,0.0,0.0,0.0
76.49,0.22170777765719937,0.0,0.0,0.0,0.0,0.0
76.54,0.25852810583634334,0.0,0.0,0.0,0.0,0.0
76.59,0.2541137261591577,0.0,0.0,0.0,0.0,0.0
76.64,0.286291861711772,0.0,0.0,0.0,0.0,0.0
76.69,0.24137021502670447,0.0,0.0,0.0,0.0,0.0
76.74,0.27569285606903593,0.0,0.0,0.0,0.0,0.0
76.79,0.3049660899774922,0.0,0.0,0.0,0.0,0.0
76.84,0.28764600133401863,0.0,0.0,0.0,0.0,0.0
76.89,0.2966876892640761,0.0,0.0,0.0,0.0,0.0
76.94,0.3169909686777027,0.0,0.0,0.0,0.0,0.0
76.99,0.3292547567854469,0.0,0.0,0.0,0.0,0.0
77.04,0.2940352538521884,0.0,0.0,0.0,0.0,0.0
77.09,0.3759430236388434,0.0,0.0,0.0,0.0,0.0
77.14,0.3132325608308966,0.0,0.0,0.0,0.0,0.0
77.19,0.3496326946624368,0.0,0.0,0.0,0.0,0.0
77.24,0.32136221554965916,0.0,0.0,0.0,0.0,0.0
77.29,0.36902638661065357,0.0,0.0,0.0,0.0,0.0
77.34,0.36003512335613785,0.0,0.0,0.0,0.0,0.0
77.39,0.3928825287966262,0.0,0.0,0.0,0.0,0.0
77.44,0.3644587960105514,0.0,0.0,0.0,0.0,0.0
77.49,0.3709158478610946,0.0,0.0,0.0,0.0,0.0
77.54,0.3624871018602117,0.0,0.0,0.0,0.0,0.0
77.59,0.3647412342735123,0.0,0.0,0.0,0.0,0.0
77.64,0.38651294152525134,0.0,0.0,0.0,0.0,0.0
77.69,0.42326916133538,0.0,0.0,0.0,0.0,0.0
77.74,0.35611760696763994,0.0,0.0,0.0,0.0,0.0
77.79,0.41160962617312413,0.0,0.0,0.0,0.0,0.0
77.84,0.3932763837238253,0.0,0.0,0.0,0.0,0.0
77.89,0.394182135623719,0.0,0.0,0.0,0.0,0.0
77.94,0.4159193873012726,0.0,0.0,0.0,0.0,0.0
77.99,0.41883625468967883,0.0,0.0,0.0,0.0,0.0
78.04,0.36393504673208893,0.0,0.0,0.0,0.0,0.0
78.09,0.45087111031234034,0.0,0.0,0.0,0.0,0.0
78.14,0.3725349424777693,0.0,0.0,0.0,0.0,0.0
78.19,0.41332546202489706,0.0,0.0,0.0,0.0,0.0
78.24,0.3782850169845523,0.0,0.0,0.0,0.0,0.0
78.29,0.42215440988921427,0.0,0.0,0.0,0.0,0.0
78.34,0.41636017919344925,0.0,0.0,0.0,0.0,0.0
78.39,0.4581581576167531,0.0,0.0,0.0,0.0,0.0
78.44,0.43393444299543504,0.0,0.0,0.0,0.0,0.0
78.49,0.45640358335902387,0.0,0.0,0.0,0.0,0.0
78.54,0.45379307929413487,0.0,0.0,0.0,0.0,0.0
78.59,0.45884175353341705,0.0,0.0,0.0,0.0,0.0
78.64,0.5131884185786133,0.0,0.0,0.0,0.0,0.0
78.69,0.5807268247179247,0.0,0.0,0.0,0.0,0.0
78.74,0.5352934684062934,0.0,0.0,0.0,0.0,0.0
78.79,0.5617333567226066,0.0,0.0,0.0,0.0,0.0
78.84,0.5383205023425159,0.0,0.0,0.0,0.0,0.0
78.89,0.5492309039040066,0.0,0.0,0.0,0.0,0.0
78.94,0.587895870130634,0.0,0.0,0.0,0.0,0.0
78.99,0.6583096406953051,0.0,0.0,0.0,0.0,0.0
79.04,0.6010920948719036,0.0,0.0,0.0,0.0,0.0
79.09,0.6293268688484737,0.0,0.0,0.0,0.0,0.0
79.14,0.595678080418323,0.0,0.0,0.0,0.0,0.0
79.19,0.6147802028583397,0.0,0.0,0.0,0.0,0.0
79.24,0.6491750793890212,0.0,0.0,0.0,0.0,0.0
79.29,0.7280986872658683,0.0,0.0,0.0,0.0,0.0
79.34,0.6629998554115781,0.0,0.0,0.0,0.0,0.0
79.39,0.7005088418584714,0.0,0.0,0.0,0.0,0.0
79.44,0.660251950442211,0.0,0.0,0.0,0.0,0.0
79.49,0.7212225746506624,0.0,0.0,0.0,0.0,0.0
79.54,0.7174602002205176,0.0,0.0,0.0,0.0,0.0
79.59,0.7644667722466342,0.0,0.0,0.0,0.0,0.0
79.64,0.6016661956929029,0.0,0.0,0.0,0.0,0.0
79.69,0.8342524873676824,0.0,0.0,0.0,0.0,0.0
79.74,0.7250445125651989,0.0,0.0,0.0,0.0,0.0
79.79,0.8397296119834469,0.0,0.0,0.0,0.0,0.0
79.84,0.6841592778500315,0.0,0.0,0.0,0.0,0.0
79.89,0.7819733773037133,0.0,0.0,0.0,0.0,0.0
79.94,0.8262198897020735,0.0,0.0,0.0,0.0,0.0
79.99,0.7785586772419976,0.0,0.0,0.0,0.0,0.0
80.04,0.7777992349451861,0.0,0.0,0.0,0.0,0.0
80.09,0.7494182472060876,0.0,0.0,0.0,0.0,0.0
80.14,0.7999947342276987,0.0,0.0,0.0,0.0,0.0
80.19,0.8133026430178824,0.0,0.0,0.0,0.0,0.0
80.24,0.8468592905371027,0.0,0.0,0.0,0.0,0.0
80.29,0.7802753467623306,0.0,0.0,0.0,0.0,0.0
80.34,0.7998186310127743,0.0,0.0,0.0,0.0,0.0
80.39,0.7616692924833262,0.0,0.0,0.0,0.0,0.0
80.44,0.7558558984045409,0.0,0.0,0.0,0.0,0.0
80.49,0.7884944100521979,0.0,0.0,0.0,0.0,0.0
80.54,0.8741722721938193,0.0,0.0,0.0,0.0,0.0
80.59,0.7608975913169382,0.0,0.0,0.0,0.0,0.0
80.64,0.8092808170793143,0.0,0.0,0.0,0.0,0.0
80.69,0.747354429731156,0.0,0.0,0.0,0.0,0.0
80.74,0.7610253570334822,0.0,0.0,0.0,0.0,0.0
80.79,0.7752124202200321,0.0,0.0,0.0,0.0,0.0
80.84,0.851521164076134,0.0,0.0,0.0,0.0,0.0
80.89,0.7533192027647642,0.0,0.0,0.0,0.0,0.0
80.94,0.7920590110862026,0.0,0.0,0.0,0.0,0.0
80.99,0.7349851185943673,0.0,0.0,0.0,0.0,0.0
81.04,0.7431491415624184,0.0,0.0,0.0,0.0,0.0
81.09,0.7081828849735949,0.0,0.0,0.0,0.0,0.0
81.14,0.8936464338930311,0.0,0.0,0.0,0.0,0.0
81.19,0.7092398322578459,0.0,0.0,0.0,0.0,0.0
81.24,0.814462236493143,0.0,0.0,0.0,0.0,0.0
81.29,0.698955583556598,0.0,0.0,0.0,0.0,0.0
81.34,0.868377049976931,0.0,0.0,0.0,0.0,0.0
81.39,0.7193130226104891,0.0,0.0,0.0,0.0,0.0
81.44,0.8510957530920897,0.0,0.0,0.0,0.0,0.0
81.49,0.7843711553596784,0.0,0.0,0.0,0.0,0.0
81.54,0.7477835257526435,0.0,0.0,0.0,0.0,0.0
81.59,0.7305146806896359,0.0,0.0,0.0,0.0,0.0
81.64,0.7204168325979027,0.0,0.0,0.0,0.0,0.0
81.69,0.8430837418765447,0.0,0.0,0.0,0.0,0.0
81.74,0.7360477820799898,0.0,0.0,0.0,0.0,0.0
81.79,0.843612258147626,0.0,0.0,0.0,0.0,0.0
81.84,0.799066739806227,0.0,0.0,0.0,0.0,0.0
81.89,0.7254619704489018,0.0,0.0,0.0,0.0,0.0
81.94,0.8876786075043092,0.0,0.0,0.0,0.0,0.0
81.99,0.7418492065651204,0.0,0.0,0.0,0.0,0.0
82.04,0.8159752846635914,0.0,0.0,0.0,0.0,0.0
82.09,0.7411152344849679,0.0,0.0,0.0,0.0,0.0
82.14,0.83148009531575,0.0,0.0,0.0,0.0,0.0
82.19,0.8519183716194175,0.0,0.0,0.0,0.0,0.0
82.24,0.8089182881481956,0.0,0.0,0.0,0.0,0.0
82.29,0.8182249328024553,0.0,0.0,0.0,0.0,0.0
82.34,0.7893024473964276,0.0,0.0,0.0,0.0,0.0
82.39,0.7894249125521915,0.0,0.0,0.0,0.0,0.0
82.44,0.7559035379378202,0.0,0.0,0.0,0.0,0.0
82.49,0.8029647002234807,0.0,0.0,0.0,0.0,0.0
82.54,0.8807937965300874,0.0,0.0,0.0,0.0,0.0
82.59,0.8014972684011844,0.0,0.0,0.0,0.0,0.0
82.64,0.8399496636652719,0.0,0.0,0.0,0.0,0.0
82.69,0.7995771832127436,0.0,0.0,0.0,0.0,0.0
82.74,0.7967661330983964,0.0,0.0,0.0,0.0,0.0
82.79,0.8214632685933163,0.0,0.0,0.0,0.0,0.0
82.84,0.9367669011946262,0.0,0.0,0.0,0.0,0.0
82.89,0.8408553805302228,0.0,0.0,0.0,0.0,0.0
82.94,0.8941298394164211,0.0,0.0,0.0,0.0,0.0
82.99,0.8225418988026563,0.0,0.0,0.0,0.0,0.0
83.04,0.8406647344152826,0.0,0.0,0.0,0.0,0.0
83.09,0.8684629447607223,0.0,0.0,0.0,0.0,0.0
83.14,1.03415942652587,0.0,0.0,0.0,0.0,0.0
83.19,0.8560045982378394,0.0,0.0,0.0,0.0,0.0
83.24,0.937007108900439,0.0,0.0,0.0,0.0,0.0
83.29,0.8366627488336789,0.0,0.0,0.0,0.0,0.0
83.34,0.910515608283445,0.0,0.0,0.0,0.0,0.0
83.39,0.9288530130910948,0.0,0.0,0.0,0.0,0.0
83.44,1.0112872036840042,0.0,0.0,0.0,0.0,0.0
83.49,0.9257499101357267,0.0,0.0,0.0,0.0,0.0
83.54,0.9644039155017875,0.0,0.0,0.0,0.0,0.0
83.59,0.9194448352995073,0.0,0.0,0.0,0.0,0.0
83.64,0.9125482320869572,0.0,0.0,0.0,0.0,0.0
83.69,0.9495387533317239,0.0,0.0,0.0,0.0,0.0
83.74,1.0369945848897206,0.0,0.0,0.0,0.0,0.0
83.79,0.9415318680380915,0.0,0.0,0.0,0.0,0.0
83.84,0.9715750186499739,0.0,0.0,0.0,0.0,0.0
83.89,0.8960762704227724,0.0,0.0,0.0,0.0,0.0
83.94,0.8872766652770492,0.0,0.0,0.0,0.0,0.0
83.99,0.7958410607570972,0.0,0.0,0.0,0.0,0.0
84.03,0.8780530461215929,0.0,0.0,0.0,0.0,0.0
84.09,0.7410387539055311,0.0,0.0,0.0,0.0,0.0
84.14,0.7685573117625781,0.0,0.0,0.0,0.0,0.0
84.19,0.6880950880272584,0.0,0.0,0.0,0.0,0.0
84.24,0.6799397426099854,0.0,0.0,0.0,0.0,0.0
84.29,0.6056453115245486,0.0,0.0,0.0,0.0,0.0
84.34,0.7058678153361047,0.0,0.0,0.0,0.0,0.0
84.39,0.5836806862045579,0.0,0.0,0.0,0.0,0.0
84.44,0.6083026868722092,0.0,0.0,0.0,0.0,0.0
84.49,0.5402287148551475,0.0,0.0,0.0,0.0,0.0
84.54,0.5465604382202153,0.0,0.0,0.0,0.0,0.0
84.59,0.6037272112247698,0.0,0.0,0.0,0.0,0.0
84.64,0.49927667889010247,0.0,0.0,0.0,0.0,0.0
84.69,0.5321410476455147,0.0,0.0,0.0,0.0,0.0
84.74,0.47715372490382546,0.0,0.0,0.0,0.0,0.0
84.79,0.4871213417713929,0.0,0.0,0.0,0.0,0.0
84.84,0.49802154937876963,0.0,0.0,0.0,0.0,0.0
84.89,0.45639618770256896,0.0,0.0,0.0,0.0,0.0
84.94,0.4356488534607551,0.0,0.0,0.0,0.0,0.0
84.99,0.45699157800563395,0.0,0.0,0.0,0.0,0.0
85.04,0.49067556226591535,0.0,0.0,0.0,0.0,0.0
85.09,0.40043649081371435,0.0,0.0,0.0,0.0,0.0
85.14,0.5699173415959983,0.0,0.0,0.0,0.0,0.0
85.19,0.3900303372989614,0.0,0.0,0.0,0.0,0.0
85.24,0.5052734814383554,0.0,0.0,0.0,0.0,0.0
85.29,0.3976376868949617,0.0,0.0,0.0,0.0,0.0
85.34,0.509596210859261,0.0,0.0,0.0,0.0,0.0
85.39,0.4935557666465099,0.0,0.0,0.0,0.0,0.0
85.44,0.5071344940528916,0.0,0.0,0.0,0.0,0.0
85.49,0.497195564897727,0.0,0.0,0.0,0.0,0.0
85.53,0.5134240374981816,0.0,0.0,0.0,0.0,0.0
85.59,0.5019457008558333,0.0,0.0,0.0,0.0,0.0
85.64,0.5331182269881567,0.0,0.0,0.0,0.0,0.0
85.69,0.5022365180761078,0.0,0.0,0.0,0.0,0.0
85.74,0.5654652618175697,0.0,0.0,0.0,0.0,0.0
85.79,0.5144230310631779,0.0,0.0,0.0,0.0,0.0
85.84,0.5358061321472134,0.0,0.0,0.0,0.0,0.0
85.89,0.5186181255111731,0.0,0.0,0.0,0.0,0.0
85.94,0.5413268139670764,0.0,0.0,0.0,0.0,0.0
85.99,0.4943687497385023,0.0,0.0,0.0,0.0,0.0
86.04,0.6202091562028073,0.0,0.0,0.0,0.0,0.0
86.08,0.5364530551962355,0.0,0.0,0.0,0.0,0.0
86.14,0.59097693254032,0.0,0.0,0.0,0.0,0.0
86.19,0.5516059949645992,0.0,0.0,0.0,0.0,0.0
86.24,0.5853818978976127,0.0,0.0,0.0,0.0,0.0
86.29,0.5466088544858434,0.0,0.0,0.0,0.0,0.0
86.34,0.6921463628076233,0.0,0.0,0.0,0.0,0.0
86.39,0.5777651716626849,0.0,0.0,0.0,0.0,0.0
86.44,0.6543117950304237,0.0,0.0,0.0,0.0,0.0
86.49,0.6064577681912793,0.0,0.0,0.0,0.0,0.0
86.54,0.6559820381636874,0.0,0.0,0.0,0.0,0.0
86.59,0.6926409831670903,0.0,0.0,0.0,0.0,0.0
86.64,0.6729420880079945,0.0,0.0,0.0,0.0,0.0
86.69,0.6679543799023797,0.0,0.0,0.0,0.0,0.0
86.74,0.6565121048919638,0.0,0.0,0.0,0.0,0.0
86.79,0.6570079934824284,0.0,0.0,0.0,0.0,0.0
86.84,0.7625357374887521,0.0,0.0,0.0,0.0,0.0
86.89,0.6436441156032529,0.0,0.0,0.0,0.0,0.0
86.94,0.6555447305680626,0.0,0.0,0.0,0.0,0.0
86.99,0.6768164663930579,0.0,0.0,0.0,0.0,0.0
87.04,0.6937820743351281,0.0,0.0,0.0,0.0,0.0
87.09,0.6110342725700654,0.0,0.0,0.0,0.0,0.0
87.14,0.7350893978715471,0.0,0.0,0.0,0.0,0.0
87.19,0.5920014304457841,0.0,0.0,0.0,0.0,0.0
87.24,0.6089508284180195,0.0,0.0,0.0,0.0,0.0
87.29,0.627467225374046,0.0,0.0,0.0,0.0,0.0
87.34,0.6108773948351122,0.0,0.0,0.0,0.0,0.0
87.39,0.5414188653213629,0.0,0.0,0.0,0.0,0.0
87.44,0.6622363455197375,0.0,0.0,0.0,0.0,0.0
87.49,0.5654228818803934,0.0,0.0,0.0,0.0,0.0
87.53,0.5823757287726816,0.0,0.0,0.0,0.0,0.0
87.59,0.5384107695106758,0.0,0.0,0.0,0.0,0.0
87.64,0.5978358479853092,0.0,0.0,0.0,0.0,0.0
87.69,0.5918945010386606,0.0,0.0,0.0,0.0,0.0
87.74,0.6497566724937535,0.0,0.0,0.0,0.0,0.0
87.79,0.5829225324738975,0.0,0.0,0.0,0.0,0.0
87.83,0.5773918044894905,0.0,0.0,0.0,0.0,0.0
87.89,0.5537227649804309,0.0,0.0,0.0,0.0,0.0
87.94,0.5511681066770454,0.0,0.0,0.0,0.0,0.0
87.99,0.5940109188407036,0.0,0.0,0.0,0.0,0.0
88.03,0.6640247232617872,0.0,0.0,0.0,0.0,0.0
88.09,0.5595480881327066,0.0,0.0,0.0,0.0,0.0
88.14,0.6015304196877942,0.0,0.0,0.0,0.0,0.0
88.19,0.5603163191187204,0.0,0.0,0.0,0.0,0.0
88.24,0.5834325963609128,0.0,0.0,0.0,0.0,0.0
88.29,0.5788494559223044,0.0,0.0,0.0,0.0,0.0
88.34,0.6795688622980235,0.0,0.0,0.0,0.0,0.0
88.39,0.5926094519895793,0.0,0.0,0.0,0.0,0.0
88.43,0.6421709893980798,0.0,0.0,0.0,0.0,0.0
88.49,0.5805588410292594,0.0,0.0,0.0,0.0,0.0
88.54,0.6105261274678322,0.0,0.0,0.0,0.0,0.0
88.58,0.5844616330466619,0.0,0.0,0.0,0.0,0.0
88.64,0.6804538942400441,0.0,0.0,0.0,0.0,0.0
88.69,0.5926823926707201,0.0,0.0,0.0,0.0,0.0
88.73,0.6512445701229134,0.0,0.0,0.0,0.0,0.0
88.78,0.5769314484459394,0.0,0.0,0.0,0.0,0.0
88.84,0.5834920690986951,0.0,0.0,0.0,0.0,0.0
88.89,0.6513555456785418,0.0,0.0,0.0,0.0,0.0
88.93,0.6275514034793025,0.0,0.0,0.0,0.0,0.0
88.99,0.603289839766855,0.0,0.0,0.0,0.0,0.0
89.04,0.5859880005438811,0.0,0.0,0.0,0.0,0.0
89.09,0.5808044068404149,0.0,0.0,0.0,0.0,0.0
89.14,0.5268025562887966,0.0,0.0,0.0,0.0,0.0
89.19,0.5952303712521301,0.0,0.0,0.0,0.0,0.0
89.23,0.5068488963966928,0.0,0.0,0.0,0.0,0.0
89.28,0.5544438172706302,0.0,0.0,0.0,0.0,0.0
89.33,0.5258997993955666,0.0,0.0,0.0,0.0,0.0
89.39,0.47726196217491557,0.0,0.0,0.0,0.0,0.0
89.43,0.49654323474509965,0.0,0.0,0.0,0.0,0.0
89.48,0.5241958444682189,0.0,0.0,0.0,0.0,0.0
89.54,0.4289293684280656,0.0,0.0,0.0,0.0,0.0
89.59,0.5089869825057369,0.0,0.0,0.0,0.0,0.0
89.64,0.4746377699810348,0.0,0.0,0.0,0.0,0.0
89.69,0.42886250184724795,0.0,0.0,0.0,0.0,0.0
89.73,0.5082285810597983,0.0,0.0,0.0,0.0,0.0
89.78,0.4362059825289678,0.0,0.0,0.0,0.0,0.0
89.83,0.43728990439879994,0.0,0.0,0.0,0.0,0.0
89.89,0.39781301941290803,0.0,0.0,0.0,0.0,0.0
89.93,0.4392158275154901,0.0,0.0,0.0,0.0,0.0
89.98,0.44282070602844464,0.0,0.0,0.0,0.0,0.0
90.03,0.47232692156525613,0.0,0.0,0.0,0.0,0.0
90.08,0.38439521891533746,0.0,0.0,0.0,0.0,0.0
90.13,0.4065232483881467,0.0,0.0,0.0,0.0,0.0
90.18,0.38985713949257295,0.0,0.0,0.0,0.0,0.0
90.23,0.4010263162220956,0.0,0.0,0.0,0.0,0.0
90.28,0.39830169021368933,0.0,0.0,0.0,0.0,0.0
90.33,0.4266521918925884,0.0,0.0,0.0,0.0,0.0
90.38,0.4024817935290278,0.0,0.0,0.0,0.0,0.0
90.43,0.42747855140675806,0.0,0.0,0.0,0.0,0.0
90.48,0.36869879966912616,0.0,0.0,0.0,0.0,0.0
90.53,0.36870265303263394,0.0,0.0,0.0,0.0,0.0
90.58,0.37330564928277227,0.0,0.0,0.0,0.0,0.0
90.63,0.4703263157196728,0.0,0.0,0.0,0.0,0.0
90.69,0.3736826177091161,0.0,0.0,0.0,0.0,0.0
90.73,0.4232971372464768,0.0,0.0,0.0,0.0,0.0
90.79,0.3594467366610027,0.0,0.0,0.0,0.0,0.0
90.83,0.39916492762838857,0.0,0.0,0.0,0.0,0.0
90.88,0.44879313193870857,0.0,0.0,0.0,0.0,0.0
90.93,0.4029140773343434,0.0,0.0,0.0,0.0,0.0
90.98,0.47882750537138974,0.0,0.0,0.0,0.0,0.0
91.03,0.3681533165642509,0.0,0.0,0.0,0.0,0.0
91.08,0.42299344956930807,0.0,0.0,0.0,0.0,0.0
91.14,0.34851989858631544,0.0,0.0,0.0,0.0,0.0
91.19,0.43193113827566093,0.0,0.0,0.0,0.0,0.0
91.24,0.343325920829995,0.0,0.0,0.0,0.0,0.0
91.29,0.44669427371195136,0.0,0.0,0.0,0.0,0.0
91.33,0.35757146878866053,0.0,0.0,0.0,0.0,0.0
91.39,0.37399629041746474,0.0,0.0,0.0,0.0,0.0
91.43,0.4007671929057166,0.0,0.0,0.0,0.0,0.0
91.48,0.3557959232710927,0.0,0.0,0.0,0.0,0.0
91.54,0.35005905370993934,0.0,0.0,0.0,0.0,0.0
91.58,0.34583016135595657,0.0,0.0,0.0,0.0,0.0
91.63,0.3418581744931804,0.0,0.0,0.0,0.0,0.0
91.69,0.3830799664462597,0.0,0.0,0.0,0.0,0.0
91.73,0.34973164415119096,0.0,0.0,0.0,0.0,0.0
91.78,0.34518748869138083,0.0,0.0,0.0,0.0,0.0
91.83,0.263223583898463,0.0,0.0,0.0,0.0,0.0
91.88,0.2983717893089514,0.0,0.0,0.0,0.0,0.0
91.93,0.28995279457371365,0.0,0.0,0.0,0.0,0.0
91.98,0.26868245335404267,0.0,0.0,0.0,0.0,0.0
92.03,0.2702590235228363,0.0,0.0,0.0,0.0,0.0
92.08,0.2513121020671494,0.0,0.0,0.0,0.0,0.0
92.13,0.20528081244342866,0.0,0.0,0.0,0.0,0.0
92.18,0.22997041688429068,0.0,0.0,0.0,0.0,0.0
92.23,0.21433545327424441,0.0,0.0,0.0,0.0,0.0
92.28,0.21906455287330623,0.0,0.0,0.0,0.0,0.0
92.33,0.22962400518116782,0.0,0.0,0.0,0.0,0.0
92.38,0.17666131882917707,0.0,0.0,0.0,0.0,0.0
92.43,0.19598186228663933,0.0,0.0,0.0,0.0,0.0
92.48,0.16696877454188094,0.0,0.0,0.0,0.0,0.0
92.53,0.1609396416274828,0.0,0.0,0.0,0.0,0.0
92.58,0.17956605382032456,0.0,0.0,0.0,0.0,0.0
92.63,0.21114931389799677,0.0,0.0,0.0,0.0,0.0
92.69,0.1439898780646292,0.0,0.0,0.0,0.0,0.0
92.73,0.17737998453482723,0.0,0.0,0.0,0.0,0.0
92.78,0.14375208801801614,0.0,0.0,0.0,0.0,0.0
92.83,0.15927002978697016,0.0,0.0,0.0,0.0,0.0
92.88,0.18309913709431483,0.0,0.0,0.0,0.0,0.0
92.93,0.16768738213991113,0.0,0.0,0.0,0.0,0.0
92.98,0.16639487653031676,0.0,0.0,0.0,0.0,0.0
93.03,0.1618354455060742,0.0,0.0,0.0,0.0,0.0
93.08,0.14264273296625277,0.0,0.0,0.0,0.0,0.0
93.13,0.13251339926137592,0.0,0.0,0.0,0.0,0.0
93.18,0.1543226293461119,0.0,0.0,0.0,0.0,0.0
93.23,0.13095119249396742,0.0,0.0,0.0,0.0,0.0
93.28,0.16850234194877062,0.0,0.0,0.0,0.0,0.0
93.33,0.12218649889321988,0.0,0.0,0.0,0.0,0.0
93.38,0.15531530477894306,0.0,0.0,0.0,0.0,0.0
93.43,0.12583495753312374,0.0,0.0,0.0,0.0,0.0
93.48,0.14626836631609125,0.0,0.0,0.0,0.0,0.0
93.53,0.09109090516524644,0.0,0.0,0.0,0.0,0.0
93.58,0.1266808264116522,0.0,0.0,0.0,0.0,0.0
93.63,0.10285132014874972,0.0,0.0,0.0,0.0,0.0
93.69,0.11599131090362752,0.0,0.0,0.0,0.0,0.0
93.73,0.08403096366593493,0.0,0.0,0.0,0.0,0.0
93.78,0.12690201828142167,0.0,0.0,0.0,0.0,0.0
93.83,0.056184579299716556,0.0,0.0,0.0,0.0,0.0
93.88,0.09497765270078794,0.0,0.0,0.0,0.0,0.0
93.93,0.057437750938922276,0.0,0.0,0.0,0.0,0.0
93.98,0.12810931933716618,0.0,0.0,0.0,0.0,0.0
94.03,0.09386298931672198,0.0,0.0,0.0,0.0,0.0
94.08,0.10476022111462649,0.0,0.0,0.0,0.0,0.0
94.13,0.049687669671960755,0.0,0.0,0.0,0.0,0.0
94.18,0.09787164181274258,0.0,0.0,0.0,0.0,0.0
94.23,0.08639885349101631,0.0,0.0,0.0,0.0,0.0
94.28,0.10861365015232964,0.0,0.0,0.0,0.0,0.0
94.33,0.07726643548219585,0.0,0.0,0.0,0.0,0.0
94.38,0.08813173991522721,0.0,0.0,0.0,0.0,0.0
94.43,0.1100815259745624,0.0,0.0,0.0,0.0,0.0
94.48,0.05484882013798692,0.0,0.0,0.0,0.0,0.0
94.53,0.09095107356503834,0.0,0.0,0.0,0.0,0.0
94.58,0.06478477705498804,0.0,0.0,0.0,0.0,0.0
94.63,0.09027114638734088,0.0,0.0,0.0,0.0,0.0
94.68,0.0594569223060757,0.0,0.0,0.0,0.0,0.0
94.73,0.09627307236967497,0.0,0.0,0.0,0.0,0.0
94.78,0.02896999975253494,0.0,0.0,0.0,0.0,0.0
94.83,0.051707437660297347,0.0,0.0,0.0,0.0,0.0
94.88,0.035538162505087324,0.0,0.0,0.0,0.0,0.0
94.93,0.04064944210940899,0.0,0.0,0.0,0.0,0.0
94.98,0.031189991080043267,0.0,0.0,0.0,0.0,0.0
95.03,0.0048623728447903455,0.0,0.0,0.0,0.0,0.0
95.08,0.020539881460261582,0.0,0.0,0.0,0.0,0.0
95.13,0.013493147520662323,0.0,0.0,0.0,0.0,0.0
95.18,-0.027616287220856572,0.0,0.0,0.0,0.0,0.0
95.23,-0.02678401028736928,0.0,0.0,0.0,0.0,0.0
95.28,-0.03816348468842063,0.0,0.0,0.0,0.0,0.0
95.33,-0.005936722940893466,0.0,0.0,0.0,0.0,0.0
95.38,-0.04147093162795939,0.0,0.0,0.0,0.0,0.0
95.43,-0.05055562625093438,0.0,0.0,0.0,0.0,0.0
95.48,-0.06733440524094524,0.0,0.0,0.0,0.0,0.0
95.53,-0.041694095012909715,0.0,0.0,0.0,0.0,0.0
95.58,-0.08043004382990473,0.0,0.0,0.0,0.0,0.0
95.63,-0.05098529623506,0.0,0.0,0.0,0.0,0.0
95.68,-0.07154587740947947,0.0,0.0,0.0,0.0,0.0
95.73,-0.10489139419023466,0.0,0.0,0.0,0.0,0.0
95.78,-0.07486150733492421,0.0,0.0,0.0,0.0,0.0
95.83,-0.07988381750635305,0.0,0.0,0.0,0.0,0.0
95.88,-0.09793693002970057,0.0,0.0,0.0,0.0,0.0
95.93,-0.1155432176872212,0.0,0.0,0.0,0.0,0.0
95.98,-0.09558647500559718,0.0,0.0,0.0,0.0,0.0
96.03,-0.10683049156681762,0.0,0.0,0.0,0.0,0.0
96.08,-0.1330796371774454,0.0,0.0,0.0,0.0,0.0
96.13,-0.1500776985436649,0.0,0.0,0.0,0.0,0.0
96.18,-0.14899750851363114,0.0,0.0,0.0,0.0,0.0
96.23,-0.16089544176373574,0.0,0.0,0.0,0.0,0.0
96.28,-0.1621335675421638,0.0,0.0,0.0,0.0,0.0
96.33,-0.22695699907492062,0.0,0.0,0.0,0.0,0.0
96.38,-0.1832293201946186,0.0,0.0,0.0,0.0,0.0
96.43,-0.2487427581751201,0.0,0.0,0.0,0.0,0.0
96.48,-0.24456027446929174,0.0,0.0,0.0,0.0,0.0
96.53,-0.230374762887625,0.0,0.0,0.0,0.0,0.0
96.58,-0.2458564246234903,0.0,0.0,0.0,0.0,0.0
96.63,-0.251525892658802,0.0,0.0,0.0,0.0,0.0
96.68,-0.26814499745905035,0.0,0.0,0.0,0.0,0.0
96.73,-0.2709768373063042,0.0,0.0,0.0,0.0,0.0
96.78,-0.3034629413511886,0.0,0.0,0.0,0.0,0.0
96.83,-0.30277486286942773,0.0,0.0,0.0,0.0,0.0
96.88,-0.31491722545525264,0.0,0.0,0.0,0.0,0.0
96.93,-0.3199839374886635,0.0,0.0,0.0,0.0,0.0
96.98,-0.3175518379271078,0.0,0.0,0.0,0.0,0.0
97.03,-0.2946902290174758,0.0,0.0,0.0,0.0,0.0
97.08,-0.3113944736817008,0.0,0.0,0.0,0.0,0.0
97.13,-0.3926420505245277,0.0,0.0,0.0,0.0,0.0
97.18,-0.31166631478689694,0.0,0.0,0.0,0.0,0.0
97.23,-0.3452647140765766,0.0,0.0,0.0,0.0,0.0
97.28,-0.33714833750394946,0.0,0.0,0.0,0.0,0.0
97.33,-0.34431349909770137,0.0,0.0,0.0,0.0,0.0
97.38,-0.35779767190476797,0.0,0.0,0.0,0.0,0.0
97.43,-0.3682617858080505,0.0,0.0,0.0,0.0,0.0
97.48,-0.37195025684763433,0.0,0.0,0.0,0.0,0.0
97.53,-0.3719560120686415,0.0,0.0,0.0,0.0,0.0
97.58,-0.3610215860388911,0.0,0.0,0.0,0.0,0.0
97.63,-0.38666132579557216,0.0,0.0,0.0,0.0,0.0
97.68,-0.35902098400794474,0.0,0.0,0.0,0.0,0.0
97.73,-0.4127230230690685,0.0,0.0,0.0,0.0,0.0
97.78,-0.37392831375984187,0.0,0.0,0.0,0.0,0.0
97.83,-0.38705256106561314,0.0,0.0,0.0,0.0,0.0
97.88,-0.3676814865778459,0.0,0.0,0.0,0.0,0.0
97.93,-0.39600083719471907,0.0,0.0,0.0,0.0,0.0
97.98,-0.43283798253198924,0.0,0.0,0.0,0.0,0.0
98.03,-0.3904924694853184,0.0,0.0,0.0,0.0,0.0
98.08,-0.39850355672836313,0.0,0.0,0.0,0.0,0.0
98.13,-0.3610157201974859,0.0,0.0,0.0,0.0,0.0
98.18,-0.37162863083175735,0.0,0.0,0.0,0.0,0.0
98.23,-0.40029217593970134,0.0,0.0,0.0,0.0,0.0
98.28,-0.41373219159720076,0.0,0.0,0.0,0.0,0.0
98.33,-0.38992020640792985,0.0,0.0,0.0,0.0,0.0
98.38,-0.3784047933694859,0.0,0.0,0.0,0.0,0.0
98.43,-0.3552807575471939,0.0,0.0,0.0,0.0,0.0
98.48,-0.37502235190368466,0.0,0.0,0.0,0.0,0.0
98.53,-0.34462941533767344,0.0,0.0,0.0,0.0,0.0
98.58,-0.37905844795678334,0.0,0.0,0.0,0.0,0.0
98.63,-0.37771049644498994,0.0,0.0,0.0,0.0,0.0
98.68,-0.373674933274707,0.0,0.0,0.0,0.0,0.0
98.73,-0.35682784957471847,0.0,0.0,0.0,0.0,0.0
98.78,-0.341491840942376,0.0,0.0,0.0,0.0,0.0
98.83,-0.3248106168790198,0.0,0.0,0.0,0.0,0.0
98.88,-0.3251513038490664,0.0,0.0,0.0,0.0,0.0
98.93,-0.3941761571670707,0.0,0.0,0.0,0.0,0.0
98.98,-0.3107459666999407,0.0,0.0,0.0,0.0,0.0
99.03,-0.3756046111512197,0.0,0.0,0.0,0.0,0.0
99.08,-0.3198263044219195,0.0,0.0,0.0,0.0,0.0
99.13,-0.3458589069552895,0.0,0.0,0.0,0.0,0.0
99.18,-0.30974024161055996,0.0,0.0,0.0,0.0,0.0
99.23,-0.40063889796764357,0.0,0.0,0.0,0.0,0.0
99.28,-0.3247435755396001,0.0,0.0,0.0,0.0,0.0
99.33,-0.3404150394970105,0.0,0.0,0.0,0.0,0.0
99.38,-0.322029581423112,0.0,0.0,0.0,0.0,0.0
99.43,-0.3981164382849065,0.0,0.0,0.0,0.0,0.0
99.48,-0.33398343431322886,0.0,0.0,0.0,0.0,0.0
99.53,-0.3509713973584879,0.0,0.0,0.0,0.0,0.0
99.58,-0.3169899941672789,0.0,0.0,0.0,0.0,0.0
99.63,-0.3378138663610309,0.0,0.0,0.0,0.0,0.0
99.68,-0.31052401508182437,0.0,0.0,0.0,0.0,0.0
99.73,-0.41350982164449784,0.0,0.0,0.0,0.0,0.0
99.78,-0.33548945982045014,0.0,0.0,0.0,0.0,0.0
99.83,-0.35844117454426083,0.0,0.0,0.0,0.0,0.0
99.88,-0.3286928050381597,0.0,0.0,0.0,0.0,0.0
99.93,-0.31222678739993526,0.0,0.0,0.0,0.0,0.0
99.98,-0.37485278526693494,0.0,0.0,0.0,0.0,0.0
100.03,-0.43122578822713814,0.0,0.0,0.0,0.0,0.0
100.08,-0.39245942257138905,0.0,0.0,0.0,0.0,0.0
100.13,-0.3992934375160779,0.0,0.0,0.0,0.0,0.0
100.18,-0.40942872967089855,0.0,0.0,0.0,0.0,0.0
100.23,-0.44693467493251654,0.0,0.0,0.0,0.0,0.0
100.28,-0.4729526552049638,0.0,0.0,0.0,0.0,0.0
100.33,-0.44573252085336335,0.0,0.0,0.0,0.0,0.0
100.38,-0.43986626142932056,0.0,0.0,0.0,0.0,0.0
100.43,-0.45484871871177635,0.0,0.0,0.0,0.0,0.0
100.48,-0.44508185316473403,0.0,0.0,0.0,0.0,0.0
100.53,-0.4494494790523393,0.0,0.0,0.0,0.0,0.0
100.58,-0.468305027727394,0.0,0.0,0.0,0.0,0.0
100.63,-0.5059469586618601,0.0,0.0,0.0,0.0,0.0
100.68,-0.46399923354891337,0.0,0.0,0.0,0.0,0.0
100.73,-0.5036228518383314,0.0,0.0,0.0,0.0,0.0
100.78,-0.4718172360125149,0.0,0.0,0.0,0.0,0.0
100.83,-0.48418348391994054,0.0,0.0,0.0,0.0,0.0
100.88,-0.45499394176532687,0.0,0.0,0.0,0.0,0.0
100.93,-0.573494172610957,0.0,0.0,0.0,0.0,0.0
100.98,-0.4775238035378119,0.0,0.0,0.0,0.0,0.0
101.03,-0.5240352833181032,0.0,0.0,0.0,0.0,0.0
101.08,-0.46340393676763747,0.0,0.0,0.0,0.0,0.0
101.13,-0.4843698249422008,0.0,0.0,0.0,0.0,0.0
101.18,-0.47278567892673773,0.0,0.0,0.0,0.0,0.0
101.23,-0.4998184236256312,0.0,0.0,0.0,0.0,0.0
101.28,-0.5176138612009987,0.0,0.0,0.0,0.0,0.0
101.33,-0.4992703589371953,0.0,0.0,0.0,0.0,0.0
101.38,-0.5053732027945386,0.0,0.0,0.0,0.0,0.0
101.43,-0.4820671594614344,0.0,0.0,0.0,0.0,0.0
101.48,-0.527325834775041,0.0,0.0,0.0,0.0,0.0
101.53,-0.5361456623997005,0.0,0.0,0.0,0.0,0.0
101.58,-0.5566622690921642,0.0,0.0,0.0,0.0,0.0
101.63,-0.4867857170364083,0.0,0.0,0.0,0.0,0.0
101.68,-0.51222888740907,0.0,0.0,0.0,0.0,0.0
101.73,-0.4572171593572623,0.0,0.0,0.0,0.0,0.0
101.78,-0.5653377544437964,0.0,0.0,0.0,0.0,0.0
101.83,-0.4667717609414078,0.0,0.0,0.0,0.0,0.0
101.88,-0.5434199216846934,0.0,0.0,0.0,0.0,0.0
101.93,-0.5375521393225422,0.0,0.0,0.0,0.0,0.0
101.98,-0.47559254728734135,0.0,0.0,0.0,0.0,0.0
102.03,-0.5592621743168694,0.0,0.0,0.0,0.0,0.0
102.08,-0.48043013901300213,0.0,0.0,0.0,0.0,0.0
102.13,-0.5128906155342697,0.0,0.0,0.0,0.0,0.0
102.18,-0.5088761334482552,0.0,0.0,0.0,0.0,0.0
102.23,-0.5258107394204787,0.0,0.0,0.0,0.0,0.0
102.28,-0.4498124974937926,0.0,0.0,0.0,0.0,0.0
102.33,-0.5726448382612525,0.0,0.0,0.0,0.0,0.0
102.38,-0.46839666301827787,0.0,0.0,0.0,0.0,0.0
102.43,-0.4962014021104164,0.0,0.0,0.0,0.0,0.0
102.48,-0.4599265607229941,0.0,0.0,0.0,0.0,0.0
102.53,-0.49155013202778264,0.0,0.0,0.0,0.0,0.0
102.58,-0.5163627566901636,0.0,0.0,0.0,0.0,0.0
102.63,-0.48664248178048597,0.0,0.0,0.0,0.0,0.0
102.68,-0.4886681106644451,0.0,0.0,0.0,0.0,0.0
102.73,-0.4298941130048516,0.0,0.0,0.0,0.0,0.0
102.78,-0.44951813791618056,0.0,0.0,0.0,0.0,0.0
102.83,-0.4377929210614723,0.0,0.0,0.0,0.0,0.0
102.88,-0.46234909028427984,0.0,0.0,0.0,0.0,0.0
102.93,-0.4661923837569019,0.0,0.0,0.0,0.0,0.0
102.98,-0.44857849734246796,0.0,0.0,0.0,0.0,0.0
103.03,-0.45135441368075707,0.0,0.0,0.0,0.0,0.0
103.08,-0.43725592362765114,0.0,0.0,0.0,0.0,0.0
103.13,-0.46260449784099933,0.0,0.0,0.0,0.0,0.0
103.18,-0.506948876860537,0.0,0.0,0.0,0.0,0.0
103.23,-0.43045016075519454,0.0,0.0,0.0,0.0,0.0
103.28,-0.4703175794159462,0.0,0.0,0.0,0.0,0.0
103.33,-0.4316049881368527,0.0,0.0,0.0,0.0,0.0
103.38,-0.4786309555880714,0.0,0.0,0.0,0.0,0.0
103.43,-0.47078919552346526,0.0,0.0,0.0,0.0,0.0
103.48,-0.40559142722329133,0.0,0.0,0.0,0.0,0.0
103.53,-0.47875564936224907,0.0,0.0,0.0,0.0,0.0
103.58,-0.40111985917435883,0.0,0.0,0.0,0.0,0.0
103.63,-0.42837206428072494,0.0,0.0,0.0,0.0,0.0
103.68,-0.3990341348543546,0.0,0.0,0.0,0.0,0.0
103.73,-0.4255124522572486,0.0,0.0,0.0,0.0,0.0
103.78,-0.4198506383496222,0.0,0.0,0.0,0.0,0.0
103.83,-0.4112833717486605,0.0,0.0,0.0,0.0,0.0
103.88,-0.4081068078768324,0.0,0.0,0.0,0.0,0.0
103.93,-0.39042347410724565,0.0,0.0,0.0,0.0,0.0
103.98,-0.3869533917182669,0.0,0.0,0.0,0.0,0.0
104.03,-0.4033302745513853,0.0,0.0,0.0,0.0,0.0
104.08,-0.44381052372323826,0.0,0.0,0.0,0.0,0.0
104.13,-0.3726954107117161,0.0,0.0,0.0,0.0,0.0
104.18,-0.4124556198778185,0.0,0.0,0.0,0.0,0.0
104.23,-0.36633789438644054,0.0,0.0,0.0,0.0,0.0
104.28,-0.3804609242476634,0.0,0.0,0.0,0.0,0.0
104.33,-0.38109878497278415,0.0,0.0,0.0,0.0,0.0
104.38,-0.41985621595383876,0.0,0.0,0.0,0.0,0.0
104.43,-0.3755262298492001,0.0,0.0,0.0,0.0,0.0
104.48,-0.38187544595379397,0.0,0.0,0.0,0.0,0.0
104.53,-0.3786731089619155,0.0,0.0,0.0,0.0,0.0
104.58,-0.38036889387976985,0.0,0.0,0.0,0.0,0.0
104.63,-0.37219632237192185,0.0,0.0,0.0,0.0,0.0
104.68,-0.3959475268165458,0.0,0.0,0.0,0.0,0.0
104.73,-0.43619849962548746,0.0,0.0,0.0,0.0,0.0
104.78,-0.37803894468719584,0.0,0.0,0.0,0.0,0.0
104.83,-0.40114628914511163,0.0,0.0,0.0,0.0,0.0
104.88,-0.37798445265780223,0.0,0.0,0.0,0.0,0.0
104.93,-0.39708182531800384,0.0,0.0,0.0,0.0,0.0
104.98,-0.3586856014696072,0.0,0.0,0.0,0.0,0.0
105.03,-0.46195496940746056,0.0,0.0,0.0,0.0,0.0
105.08,-0.36181820110945506,0.0,0.0,0.0,0.0,0.0
105.13,-0.43929079240616364,0.0,0.0,0.0,0.0,0.0
105.18,-0.3877796869463257,0.0,0.0,0.0,0.0,0.0
105.23,-0.42284275661295734,0.0,0.0,0.0,0.0,0.0
105.28,-0.3543715568291585,0.0,0.0,0.0,0.0,0.0
105.33,-0.5062951167743966,0.0,0.0,0.0,0.0,0.0
105.38,-0.3753368310794569,0.0,0.0,0.0,0.0,0.0
105.43,-0.44738755095402816,0.0,0.0,0.0,0.0,0.0
105.48,-0.40504825581556453,0.0,0.0,0.0,0.0,0.0
105.53,-0.408996330523589,0.0,0.0,0.0,0.0,0.0
105.58,-0.39395532519873394,0.0,0.0,0.0,0.0,0.0
105.63,-0.42181487692907665,0.0,0.0,0.0,0.0,0.0
105.68,-0.4613077887753405,0.0,0.0,0.0,0.0,0.0
105.73,-0.4119233985721677,0.0,0.0,0.0,0.0,0.0
105.78,-0.4492664086023542,0.0,0.0,0.0,0.0,0.0
105.83,-0.3802405667248303,0.0,0.0,0.0,0.0,0.0
105.88,-0.4244060770647093,0.0,0.0,0.0,0.0,0.0
105.93,-0.42540534823517495,0.0,0.0,0.0,0.0,0.0
105.98,-0.484040005812734,0.0,0.0,0.0,0.0,0.0
106.03,-0.414496539693253,0.0,0.0,0.0,0.0,0.0
106.08,-0.43678392411245515,0.0,0.0,0.0,0.0,0.0
106.13,-0.40900322951396967,0.0,0.0,0.0,0.0,0.0
106.18,-0.4195892821774229,0.0,0.0,0.0,0.0,0.0
106.23,-0.4366374250115165,0.0,0.0,0.0,0.0,0.0
106.28,-0.48231897420671366,0.0,0.0,0.0,0.0,0.0
106.33,-0.43882048512088095,0.0,0.0,0.0,0.0,0.0
106.38,-0.4517957019863513,0.0,0.0,0.0,0.0,0.0
106.43,-0.4149798865907622,0.0,0.0,0.0,0.0,0.0
106.48,-0.429704623796199,0.0,0.0,0.0,0.0,0.0
106.53,-0.40642027398188035,0.0,0.0,0.0,0.0,0.0
106.58,-0.5321327004365414,0.0,0.0,0.0,0.0,0.0
106.63,-0.42466457908977556,0.0,0.0,0.0,0.0,0.0
106.68,-0.4642347620583243,0.0,0.0,0.0,0.0,0.0
106.73,-0.42100321294376075,0.0,0.0,0.0,0.0,0.0
106.78,-0.4309141516492373,0.0,0.0,0.0,0.0,0.0
106.83,-0.5006509333263408,0.0,0.0,0.0,0.0,0.0
106.88,-0.46819219179623284,0.0,0.0,0.0,0.0,0.0
106.93,-0.5002393863480008,0.0,0.0,0.0,0.0,0.0
106.98,-0.4340971213482227,0.0,0.0,0.0,0.0,0.0
107.03,-0.437589864939577,0.0,0.0,0.0,0.0,0.0
107.08,-0.5077350745072304,0.0,0.0,0.0,0.0,0.0
107.13,-0.4512551675863762,0.0,0.0,0.0,0.0,0.0
107.18,-0.47382539981882676,0.0,0.0,0.0,0.0,0.0
107.23,-0.45905517007404667,0.0,0.0,0.0,0.0,0.0
107.28,-0.4677463974843318,0.0,0.0,0.0,0.0,0.0
107.33,-0.4040997690373247,0.0,0.0,0.0,0.0,0.0
107.38,-0.5000835860649566,0.0,0.0,0.0,0.0,0.0
107.43,-0.4091969579491786,0.0,0.0,0.0,0.0,0.0
107.48,-0.44729381479840746,0.0,0.0,0.0,0.0,0.0
107.53,-0.4133329314607158,0.0,0.0,0.0,0.0,0.0
107.58,-0.4222586739131998,0.0,0.0,0.0,0.0,0.0
107.63,-0.35964173281116113,0.0,0.0,0.0,0.0,0.0
107.68,-0.3821380726773929,0.0,0.0,0.0,0.0,0.0
107.73,-0.4050277344642646,0.0,0.0,0.0,0.0,0.0
107.78,-0.3956071863241801,0.0,0.0,0.0,0.0,0.0
107.83,-0.3732586183031551,0.0,0.0,0.0,0.0,0.0
107.88,-0.3567387142376168,0.0,0.0,0.0,0.0,0.0
107.93,-0.340728239457481,0.0,0.0,0.0,0.0,0.0
107.98,-0.33916514520654567,0.0,0.0,0.0,0.0,0.0
108.03,-0.41137167184671597,0.0,0.0,0.0,0.0,0.0
108.08,-0.3357884506359661,0.0,0.0,0.0,0.0,0.0
108.13,-0.37627553940456576,0.0,0.0,0.0,0.0,0.0
108.18,-0.32555918550794527,0.0,0.0,0.0,0.0,0.0
108.23,-0.32131888769810163,0.0,0.0,0.0,0.0,0.0
108.28,-0.3108954176455177,0.0,0.0,0.0,0.0,0.0
108.33,-0.3050583666250001,0.0,0.0,0.0,0.0,0.0
108.38,-0.3945511215990986,0.0,0.0,0.0,0.0,0.0
108.43,-0.31533967990265716,0.0,0.0,0.0,0.0,0.0
108.48,-0.35423130282401216,0.0,0.0,0.0,0.0,0.0
108.53,-0.2872118219358556,0.0,0.0,0.0,0.0,0.0
108.58,-0.32494413118217347,0.0,0.0,0.0,0.0,0.0
108.63,-0.34438255938121304,0.0,0.0,0.0,0.0,0.0
108.68,-0.33729022890474997,0.0,0.0,0.0,0.0,0.0
108.73,-0.31701769412867314,0.0,0.0,0.0,0.0,0.0
108.78,-0.31464938999293796,0.0,0.0,0.0,0.0,0.0
108.83,-0.23898895385734129,0.0,0.0,0.0,0.0,0.0
108.88,-0.3017096228610943,0.0,0.0,0.0,0.0,0.0
108.93,-0.28232966834014067,0.0,0.0,0.0,0.0,0.0
108.98,-0.27960258228246626,0.0,0.0,0.0,0.0,0.0
109.03,-0.2658813111211497,0.0,0.0,0.0,0.0,0.0
109.08,-0.2621303419217902,0.0,0.0,0.0,0.0,0.0
109.13,-0.2644519464925759,0.0,0.0,0.0,0.0,0.0
109.18,-0.27171212808190337,0.0,0.0,0.0,0.0,0.0
109.23,-0.23057592007884337,0.0,0.0,0.0,0.0,0.0
109.28,-0.2746048221681932,0.0,0.0,0.0,0.0,0.0
109.33,-0.25602174384430765,0.0,0.0,0.0,0.0,0.0
109.38,-0.2847355256486548,0.0,0.0,0.0,0.0,0.0
109.43,-0.24387141554972955,0.0,0.0,0.0,0.0,0.0
109.48,-0.24291850982842056,0.0,0.0,0.0,0.0,0.0
109.53,-0.2587979975221085,0.0,0.0,0.0,0.0,0.0
109.58,-0.25332984415954196,0.0,0.0,0.0,0.0,0.0
109.63,-0.22591905123615885,0.0,0.0,0.0,0.0,0.0
109.68,-0.2899064059595871,0.0,0.0,0.0,0.0,0.0
109.73,-0.23099097626713241,0.0,0.0,0.0,0.0,0.0
109.78,-0.24388836292029067,0.0,0.0,0.0,0.0,0.0
109.83,-0.24661446224166958,0.0,0.0,0.0,0.0,0.0
109.88,-0.2629281166431774,0.0,0.0,0.0,0.0,0.0
109.93,-0.22543833158751383,0.0,0.0,0.0,0.0,0.0
109.98,-0.2980975995333983,0.0,0.0,0.0,0.0,0.0
110.03,-0.24738803356657468,0.0,0.0,0.0,0.0,0.0
110.08,-0.23893985784910843,0.0,0.0,0.0,0.0,0.0
110.13,-0.235438779128332,0.0,0.0,0.0,0.0,0.0
110.18,-0.25809410515415127,0.0,0.0,0.0,0.0,0.0
110.23,-0.2652087684522141,0.0,0.0,0.0,0.0,0.0
110.27,-0.28215355726506525,0.0,0.0,0.0,0.0,0.0
110.33,-0.23495824454180833,0.0,0.0,0.0,0.0,0.0
110.38,-0.25033042362812497,0.0,0.0,0.0,0.0,0.0
110.43,-0.22568527703991584,0.0,0.0,0.0,0.0,0.0
110.48,-0.2536230785865201,0.0,0.0,0.0,0.0,0.0
110.53,-0.25483030806105217,0.0,0.0,0.0,0.0,0.0
110.58,-0.2571170126999814,0.0,0.0,0.0,0.0,0.0
110.63,-0.244194405597308,0.0,0.0,0.0,0.0,0.0
110.68,-0.24633041087255986,0.0,0.0,0.0,0.0,0.0
110.73,-0.23162309220342767,0.0,0.0,0.0,0.0,0.0
110.78,-0.22942862705576228,0.0,0.0,0.0,0.0,0.0
110.83,-0.24105477051610108,0.0,0.0,0.0,0.0,0.0
110.88,-0.23286905865488208,0.0,0.0,0.0,0.0,0.0
110.93,-0.27881713166576594,0.0,0.0,0.0,0.0,0.0
110.98,-0.23961923775769384,0.0,0.0,0.0,0.0,0.0
111.03,-0.261710213915497,0.0,0.0,0.0,0.0,0.0
111.08,-0.23415985528039926,0.0,0.0,0.0,0.0,0.0
111.13,-0.30565422092701133,0.0,0.0,0.0,0.0,0.0
111.18,-0.2701415195392078,0.0,0.0,0.0,0.0,0.0
111.23,-0.28673465754363864,0.0,0.0,0.0,0.0,0.0
111.28,-0.23956135255877203,0.0,0.0,0.0,0.0,0.0
111.33,-0.2690851258569442,0.0,0.0,0.0,0.0,0.0
111.38,-0.24344915063838624,0.0,0.0,0.0,0.0,0.0
111.43,-0.25704003662998637,0.0,0.0,0.0,0.0,0.0
111.48,-0.2635624221559094,0.0,0.0,0.0,0.0,0.0
111.53,-0.2630822173903383,0.0,0.0,0.0,0.0,0.0
111.58,-0.25961308789085513,0.0,0.0,0.0,0.0,0.0
111.63,-0.2543615985275532,0.0,0.0,0.0,0.0,0.0
111.68,-0.24942534017173112,0.0,0.0,0.0,0.0,0.0
111.73,-0.24470242750310078,0.0,0.0,0.0,0.0,0.0
111.78,-0.268494804882563,0.0,0.0,0.0,0.0,0.0
111.83,-0.28884238756590025,0.0,0.0,0.0,0.0,0.0
111.88,-0.22889762218308468,0.0,0.0,0.0,0.0,0.0
111.93,-0.2548622650481285,0.0,0.0,0.0,0.0,0.0
111.98,-0.22176109804830657,0.0,0.0,0.0,0.0,0.0
112.03,-0.25121055298541295,0.0,0.0,0.0,0.0,0.0
112.08,-0.25210666759188743,0.0,0.0,0.0,0.0,0.0
112.13,-0.21783037417551432,0.0,0.0,0.0,0.0,0.0
112.18,-0.21695477964330565,0.0,0.0,0.0,0.0,0.0
112.23,-0.2026765094505038,0.0,0.0,0.0,0.0,0.0
112.28,-0.19716357498552,0.0,0.0,0.0,0.0,0.0
112.32,-0.21866777210414856,0.0,0.0,0.0,0.0,0.0
112.37,-0.21569274622217147,0.0,0.0,0.0,0.0,0.0
112.43,-0.18760796863082407,0.0,0.0,0.0,0.0,0.0
112.48,-0.1965929212300579,0.0,0.0,0.0,0.0,0.0
112.53,-0.18107806330927828,0.0,0.0,0.0,0.0,0.0
112.58,-0.18171984933812868,0.0,0.0,0.0,0.0,0.0
112.62,-0.16538669873940093,0.0,0.0,0.0,0.0,0.0
112.68,-0.1964578065929044,0.0,0.0,0.0,0.0,0.0
112.72,-0.17602245528498786,0.0,0.0,0.0,0.0,0.0
112.78,-0.17505220990588258,0.0,0.0,0.0,0.0,0.0
112.82,-0.1595219262953895,0.0,0.0,0.0,0.0,0.0
112.88,-0.15181437244847135,0.0,0.0,0.0,0.0,0.0
112.93,-0.18352475393143217,0.0,0.0,0.0,0.0,0.0
112.98,-0.1645117945673026,0.0,0.0,0.0,0.0,0.0
113.02,-0.16600954076558044,0.0,0.0,0.0,0.0,0.0
113.07,-0.15505932746322798,0.0,0.0,0.0,0.0,0.0
113.12,-0.1678895980338085,0.0,0.0,0.0,0.0,0.0
113.18,-0.13875278029815338,0.0,0.0,0.0,0.0,0.0
113.22,-0.17831065557194317,0.0,0.0,0.0,0.0,0.0
113.28,-0.1650396833303383,0.0,0.0,0.0,0.0,0.0
113.32,-0.16511402443640072,0.0,0.0,0.0,0.0,0.0
113.37,-0.15127562033353326,0.0,0.0,0.0,0.0,0.0
113.42,-0.16071088964278166,0.0,0.0,0.0,0.0,0.0
113.47,-0.16302165446297567,0.0,0.0,0.0,0.0,0.0
113.52,-0.15131570958828255,0.0,0.0,0.0,0.0,0.0
113.57,-0.14843893077301643,0.0,0.0,0.0,0.0,0.0
113.62,-0.15135119475230957,0.0,0.0,0.0,0.0,0.0
113.67,-0.14839494980261858,0.0,0.0,0.0,0.0,0.0
113.72,-0.12383690511760219,0.0,0.0,0.0,0.0,0.0
113.77,-0.14864474733732466,0.0,0.0,0.0,0.0,0.0
113.83,-0.12206423140355437,0.0,0.0,0.0,0.0,0.0
113.87,-0.13843243541208294,0.0,0.0,0.0,0.0,0.0
113.92,-0.13409603100219783,0.0,0.0,0.0,0.0,0.0
113.97,-0.13956368600346697,0.0,0.0,0.0,0.0,0.0
114.02,-0.11202628655246027,0.0,0.0,0.0,0.0,0.0
114.07,-0.14214120767097083,0.0,0.0,0.0,0.0,0.0
114.12,-0.11772719957981036,0.0,0.0,0.0,0.0,0.0
114.17,-0.12898688684704473,0.0,0.0,0.0,0.0,0.0
114.22,-0.12147253005394802,0.0,0.0,0.0,0.0,0.0
114.28,-0.13793690947710105,0.0,0.0,0.0,0.0,0.0
114.32,-0.132343812509646,0.0,0.0,0.0,0.0,0.0
114.37,-0.1384466826699638,0.0,0.0,0.0,0.0,0.0
114.42,-0.11672187654064368,0.0,0.0,0.0,0.0,0.0
114.47,-0.1338971517848096,0.0,0.0,0.0,0.0,0.0
114.52,-0.11875864956791563,0.0,0.0,0.0,0.0,0.0
114.57,-0.13581664582225628,0.0,0.0,0.0,0.0,0.0
114.62,-0.12224120424398882,0.0,0.0,0.0,0.0,0.0
114.67,-0.134995404405568,0.0,0.0,0.0,0.0,0.0
114.72,-0.1149422906369771,0.0,0.0,0.0,0.0,0.0
114.77,-0.1320859978146614,0.0,0.0,0.0,0.0,0.0
114.83,-0.12115700167288321,0.0,0.0,0.0,0.0,0.0
114.87,-0.14262569667667702,0.0,0.0,0.0,0.0,0.0
114.92,-0.13585829632737437,0.0,0.0,0.0,0.0,0.0
114.98,-0.14189861590805491,0.0,0.0,0.0,0.0,0.0
115.02,-0.12429271123476522,0.0,0.0,0.0,0.0,0.0
115.07,-0.1354216005816825,0.0,0.0,0.0,0.0,0.0
115.13,-0.1257540145149846,0.0,0.0,0.0,0.0,0.0
115.18,-0.13020393833828764,0.0,0.0,0.0,0.0,0.0
115.22,-0.13557524652330358,0.0,0.0,0.0,0.0,0.0
115.27,-0.14785272938661376,0.0,0.0,0.0,0.0,0.0
115.32,-0.12403799556490759,0.0,0.0,0.0,0.0,0.0
115.37,-0.13911347925638295,0.0,0.0,0.0,0.0,0.0
115.42,-0.12520314072616479,0.0,0.0,0.0,0.0,0.0
115.47,-0.1310358715543793,0.0,0.0,0.0,0.0,0.0
115.52,-0.1329308530699755,0.0,0.0,0.0,0.0,0.0
115.57,-0.13838747903472196,0.0,0.0,0.0,0.0,0.0
115.62,-0.12043485989562372,0.0,0.0,0.0,0.0,0.0
115.67,-0.1470349778116118,0.0,0.0,0.0,0.0,0.0
115.72,-0.1385130214397543,0.0,0.0,0.0,0.0,0.0
115.77,-0.15235215660059248,0.0,0.0,0.0,0.0,0.0
115.82,-0.13392484698999974,0.0,0.0,0.0,0.0,0.0
115.87,-0.1359049257063385,0.0,0.0,0.0,0.0,0.0
115.92,-0.1344537134217264,0.0,0.0,0.0,0.0,0.0
115.97,-0.13350873828440274,0.0,0.0,0.0,0.0,0.0
116.02,-0.14008906156214035,0.0,0.0,0.0,0.0,0.0
116.07,-0.13817713298755868,0.0,0.0,0.0,0.0,0.0
116.12,-0.12136875167264968,0.0,0.0,0.0,0.0,0.0
116.17,-0.0951678975580357,0.0,0.0,0.0,0.0,0.0
116.22,-0.08809705806616283,0.0,0.0,0.0,0.0,0.0
116.27,-0.07013877578034991,0.0,0.0,0.0,0.0,0.0
116.32,-0.06693411592020186,0.0,0.0,0.0,0.0,0.0
116.37,-0.05403993326991921,0.0,0.0,0.0,0.0,0.0
116.42,-0.032723634730277694,0.0,0.0,0.0,0.0,0.0
116.47,-0.03115430174343918,0.0,0.0,0.0,0.0,0.0
116.52,-0.019206247708721688,0.0,0.0,0.0,0.0,0.0
116.57,-0.013635538535141059,0.0,0.0,0.0,0.0,0.0
116.62,-0.0022125191394381447,0.0,0.0,0.0,0.0,0.0
116.67,-0.002378439098719577,0.0,0.0,0.0,0.0,0.0
116.72,0.01736047366536147,0.0,0.0,0.0,0.0,0.0
116.77,0.01954352607642438,0.0,0.0,0.0,0.0,0.0
116.82,0.028785915410383313,0.0,0.0,0.0,0.0,0.0
116.87,0.027025019058714503,0.0,0.0,0.0,0.0,0.0
116.92,0.03117710617372462,0.0,0.0,0.0,0.0,0.0
116.97,0.04261928894239014,0.0,0.0,0.0,0.0,0.0
117.02,0.04324705448752813,0.0,0.0,0.0,0.0,0.0
117.07,0.05628846150938027,0.0,0.0,0.0,0.0,0.0
117.12,0.05704954882978588,0.0,0.0,0.0,0.0,0.0
117.17,0.07329007712871571,0.0,0.0,0.0,0.0,0.0
117.22,0.06911855918076369,0.0,0.0,0.0,0.0,0.0
117.27,0.08106363614450306,0.0,0.0,0.0,0.0,0.0
117.32,0.07729769087587791,0.0,0.0,0.0,0.0,0.0
117.37,0.08234903424562474,0.0,0.0,0.0,0.0,0.0
117.42,0.09754647883190266,0.0,0.0,0.0,0.0,0.0
117.47,0.09127518269359965,0.0,0.0,0.0,0.0,0.0
117.52,0.09039001415677952,0.0,0.0,0.0,0.0,0.0
117.57,0.10086290098960855,0.0,0.0,0.0,0.0,0.0
117.62,0.09425340937296513,0.0,0.0,0.0,0.0,0.0
117.67,0.10075684177206218,0.0,0.0,0.0,0.0,0.0
117.72,0.09105407740517003,0.0,0.0,0.0,0.0,0.0
117.77,0.09942737874966284,0.0,0.0,0.0,0.0,0.0
117.82,0.10471969527964094,0.0,0.0,0.0,0.0,0.0
117.87,0.11827502510730845,0.0,0.0,0.0,0.0,0.0
117.92,0.10233275202442037,0.0,0.0,0.0,0.0,0.0
117.97,0.14786397818232044,0.0,0.0,0.0,0.0,0.0
118.02,0.12509216939073475,0.0,0.0,0.0,0.0,0.0
118.07,0.14849239274983445,0.0,0.0,0.0,0.0,0.0
118.12,0.13907751812723448,0.0,0.0,0.0,0.0,0.0
118.17,0.16797545712219064,0.0,0.0,0.0,0.0,0.0
118.22,0.17136165880243814,0.0,0.0,0.0,0.0,0.0
118.27,0.16584687686629002,0.0,0.0,0.0,0.0,0.0
118.32,0.17034247854143308,0.0,0.0,0.0,0.0,0.0
118.37,0.17072848778108696,0.0,0.0,0.0,0.0,0.0
118.42,0.16917163504781196,0.0,0.0,0.0,0.0,0.0
118.47,0.16707645453218936,0.0,0.0,0.0,0.0,0.0
118.52,0.17814137604916677,0.0,0.0,0.0,0.0,0.0
118.57,0.19163611028845318,0.0,0.0,0.0,0.0,0.0
118.62,0.17307574059124217,0.0,0.0,0.0,0.0,0.0
118.67,0.1793785097047499,0.0,0.0,0.0,0.0,0.0
118.72,0.17058750362170602,0.0,0.0,0.0,0.0,0.0
118.77,0.17503138631339243,0.0,0.0,0.0,0.0,0.0
118.82,0.16320990276916125,0.0,0.0,0.0,0.0,0.0
118.87,0.2067940349999527,0.0,0.0,0.0,0.0,0.0
118.92,0.16139680174814025,0.0,0.0,0.0,0.0,0.0
118.97,0.180116294892624,0.0,0.0,0.0,0.0,0.0
119.02,0.16286865290805433,0.0,0.0,0.0,0.0,0.0
119.07,0.17632683758556045,0.0,0.0,0.0,0.0,0.0
119.12,0.19777547936728349,0.0,0.0,0.0,0.0,0.0
119.17,0.21481623313877626,0.0,0.0,0.0,0.0,0.0
119.22,0.2404600873114854,0.0,0.0,0.0,0.0,0.0
119.27,0.21013780196438916,0.0,0.0,0.0,0.0,0.0
119.32,0.23777441130537655,0.0,0.0,0.0,0.0,0.0
119.37,0.2238581921745283,0.0,0.0,0.0,0.0,0.0
119.42,0.2860206583740691,0.0,0.0,0.0,0.0,0.0
119.47,0.272688650773634,0.0,0.0,0.0,0.0,0.0
119.52,0.293500156679268,0.0,0.0,0.0,0.0,0.0
119.57,0.28417178526920583,0.0,0.0,0.0,0.0,0.0
119.62,0.28724825415314287,0.0,0.0,0.0,0.0,0.0
119.67,0.27963163566289184,0.0,0.0,0.0,0.0,0.0
119.72,0.2785462977000549,0.0,0.0,0.0,0.0,0.0
119.77,0.3479295164857026,0.0,0.0,0.0,0.0,0.0
119.82,0.2878171743948342,0.0,0.0,0.0,0.0,0.0
119.87,0.3201147663655163,0.0,0.0,0.0,0.0,0.0
119.92,0.2885448230486424,0.0,0.0,0.0,0.0,0.0
119.97,0.3052671082333518,0.0,0.0,0.0,0.0,0.0
120.02,0.32883388503600264,0.0,0.0,0.0,0.0,0.0
120.07,0.32616139821380274,0.0,0.0,0.0,0.0,0.0
120.12,0.315431582783875,0.0,0.0,0.0,0.0,0.0
120.17,0.30754562682961606,0.0,0.0,0.0,0.0,0.0
120.22,0.29809142903411445,0.0,0.0,0.0,0.0,0.0
120.27,0.29300228728380173,0.0,0.0,0.0,0.0,0.0
120.32,0.3363569790263031,0.0,0.0,0.0,0.0,0.0
120.37,0.2917757767189323,0.0,0.0,0.0,0.0,0.0
120.42,0.33216518953631485,0.0,0.0,0.0,0.0,0.0
120.47,0.31558069405720285,0.0,0.0,0.0,0.0,0.0
120.52,0.28992051837285626,0.0,0.0,0.0,0.0,0.0
120.57,0.33686755537770363,0.0,0.0,0.0,0.0,0.0
120.62,0.28613615407112564,0.0,0.0,0.0,0.0,0.0
120.67,0.31161676706543306,0.0,0.0,0.0,0.0,0.0
120.72,0.294132978875975,0.0,0.0,0.0,0.0,0.0
120.77,0.34872916624793826,0.0,0.0,0.0,0.0,0.0
120.82,0.38634714468596804,0.0,0.0,0.0,0.0,0.0
120.87,0.32859918100593477,0.0,0.0,0.0,0.0,0.0
120.92,0.412638567174729,0.0,0.0,0.0,0.0,0.0
120.97,0.39143636032770596,0.0,0.0,0.0,0.0,0.0
121.02,0.3694179249220493,0.0,0.0,0.0,0.0,0.0
121.07,0.4600314802346005,0.0,0.0,0.0,0.0,0.0
121.12,0.39753613370992086,0.0,0.0,0.0,0.0,0.0
121.17,0.4403041159598396,0.0,0.0,0.0,0.0,0.0
121.22,0.44489536345501474,0.0,0.0,0.0,0.0,0.0
121.27,0.47111669654420013,0.0,0.0,0.0,0.0,0.0
121.32,0.4014097305007004,0.0,0.0,0.0,0.0,0.0
121.37,0.49197853527378194,0.0,0.0,0.0,0.0,0.0
121.42,0.41458958158060766,0.0,0.0,0.0,0.0,0.0
121.47,0.44173251299844063,0.0,0.0,0.0,0.0,0.0
121.52,0.4026842006179749,0.0,0.0,0.0,0.0,0.0
121.57,0.4364327905655717,0.0,0.0,0.0,0.0,0.0
121.62,0.4263113835821855,0.0,0.0,0.0,0.0,0.0
121.67,0.43928134587443396,0.0,0.0,0.0,0.0,0.0
121.72,0.3979427956831733,0.0,0.0,0.0,0.0,0.0
121.77,0.4079401343036258,0.0,0.0,0.0,0.0,0.0
121.82,0.37997881258920524,0.0,0.0,0.0,0.0,0.0
121.87,0.3775013089688169,0.0,0.0,0.0,0.0,0.0
121.92,0.3934207375982783,0.0,0.0,0.0,0.0,0.0
121.97,0.4348068402870423,0.0,0.0,0.0,0.0,0.0
122.02,0.37890087594539534,0.0,0.0,0.0,0.0,0.0
122.07,0.3890370432539042,0.0,0.0,0.0,0.0,0.0
122.12,0.36449718890722027,0.0,0.0,0.0,0.0,0.0
122.17,0.36843204221627124,0.0,0.0,0.0,0.0,0.0
122.22,0.3570623341121319,0.0,0.0,0.0,0.0,0.0
122.27,0.38242053573090196,0.0,0.0,0.0,0.0,0.0
122.32,0.4144705968178614,0.0,0.0,0.0,0.0,0.0
122.37,0.3643933664734641,0.0,0.0,0.0,0.0,0.0
122.42,0.390224213608245,0.0,0.0,0.0,0.0,0.0
122.47,0.3645952158770233,0.0,0.0,0.0,0.0,0.0
122.52,0.4373490492973502,0.0,0.0,0.0,0.0,0.0
122.57,0.4128908202222654,0.0,0.0,0.0,0.0,0.0
122.62,0.4088707525973856,0.0,0.0,0.0,0.0,0.0
122.67,0.3956428740124453,0.0,0.0,0.0,0.0,0.0
122.72,0.38774508731433655,0.0,0.0,0.0,0.0,0.0
122.77,0.3859821253874883,0.0,0.0,0.0,0.0,0.0
122.82,0.4446162299528864,0.0,0.0,0.0,0.0,0.0
122.87,0.43094362436702344,0.0,0.0,0.0,0.0,0.0
122.92,0.4477334863385688,0.0,0.0,0.0,0.0,0.0
122.97,0.3742413875180788,0.0,0.0,0.0,0.0,0.0
123.02,0.4084439957583516,0.0,0.0,0.0,0.0,0.0
123.07,0.3703522059663551,0.0,0.0,0.0,0.0,0.0
123.12,0.46356540532827606,0.0,0.0,0.0,0.0,0.0
123.17,0.42723463463206646,0.0,0.0,0.0,0.0,0.0
123.22,0.4728513357806687,0.0,0.0,0.0,0.0,0.0
123.27,0.3642224641043867,0.0,0.0,0.0,0.0,0.0
123.32,0.429671974190841,0.0,0.0,0.0,0.0,0.0
123.37,0.37787631917164566,0.0,0.0,0.0,0.0,0.0
123.42,0.4765068317526654,0.0,0.0,0.0,0.0,0.0
123.47,0.3932630932876096,0.0,0.0,0.0,0.0,0.0
123.52,0.4688415849933819,0.0,0.0,0.0,0.0,0.0
123.57,0.4300062699143051,0.0,0.0,0.0,0.0,0.0
123.62,0.4053215893768792,0.0,0.0,0.0,0.0,0.0
123.67,0.41409756439359097,0.0,0.0,0.0,0.0,0.0
123.72,0.4779563289119662,0.0,0.0,0.0,0.0,0.0
123.77,0.4178120911027033,0.0,0.0,0.0,0.0,0.0
123.82,0.4667706612034416,0.0,0.0,0.0,0.0,0.0
123.87,0.46219678017927845,0.0,0.0,0.0,0.0,0.0
123.92,0.4139996759535789,0.0,0.0,0.0,0.0,0.0
123.97,0.5081988544146789,0.0,0.0,0.0,0.0,0.0
124.02,0.4364191874331109,0.0,0.0,0.0,0.0,0.0
124.07,0.46389130018236097,0.0,0.0,0.0,0.0,0.0
124.12,0.48035236220516964,0.0,0.0,0.0,0.0,0.0
124.17,0.49749034942071585,0.0,0.0,0.0,0.0,0.0
124.22,0.43470145610945554,0.0,0.0,0.0,0.0,0.0
124.27,0.5356285826325128,0.0,0.0,0.0,0.0,0.0
124.32,0.4214569401822175,0.0,0.0,0.0,0.0,0.0
124.37,0.5695910982784455,0.0,0.0,0.0,0.0,0.0
124.42,0.3927781849600789,0.0,0.0,0.0,0.0,0.0
124.47,0.5358632038911727,0.0,0.0,0.0,0.0,0.0
124.52,0.3896692658565679,0.0,0.0,0.0,0.0,0.0
124.57,0.5323987494120195,0.0,0.0,0.0,0.0,0.0
124.62,0.41587073244640854,0.0,0.0,0.0,0.0,0.0
124.67,0.4874004350992646,0.0,0.0,0.0,0.0,0.0
124.72,0.41816584528142403,0.0,0.0,0.0,0.0,0.0
124.77,0.48500458476972547,0.0,0.0,0.0,0.0,0.0
124.82,0.5544310382465162,0.0,0.0,0.0,0.0,0.0
124.87,0.4363059160611254,0.0,0.0,0.0,0.0,0.0
124.92,0.49977304198406436,0.0,0.0,0.0,0.0,0.0
124.97,0.4404967622682794,0.0,0.0,0.0,0.0,0.0
125.02,0.47389890310291444,0.0,0.0,0.0,0.0,0.0
125.07,0.4406663700085785,0.0,0.0,0.0,0.0,0.0
125.12,0.4780630270775797,0.0,0.0,0.0,0.0,0.0
125.17,0.5121669187537075,0.0,0.0,0.0,0.0,0.0
125.22,0.47836234087015667,0.0,0.0,0.0,0.0,0.0
125.27,0.496519993084604,0.0,0.0,0.0,0.0,0.0
125.32,0.47925791984088484,0.0,0.0,0.0,0.0,0.0
125.37,0.47855257700452863,0.0,0.0,0.0,0.0,0.0
125.42,0.4991511723949384,0.0,0.0,0.0,0.0,0.0
125.47,0.5357661247377277,0.0,0.0,0.0,0.0,0.0
125.52,0.5000432885215137,0.0,0.0,0.0,0.0,0.0
125.57,0.5174950722359375,0.0,0.0,0.0,0.0,0.0
125.62,0.49759402882447895,0.0,0.0,0.0,0.0,0.0
125.67,0.4955062421104828,0.0,0.0,0.0,0.0,0.0
125.72,0.4861889154956078,0.0,0.0,0.0,0.0,0.0
125.77,0.6121205379931552,0.0,0.0,0.0,0.0,0.0
125.82,0.4931867736131305,0.0,0.0,0.0,0.0,0.0
125.87,0.554853316912725,0.0,0.0,0.0,0.0,0.0
125.92,0.4961757796307767,0.0,0.0,0.0,0.0,0.0
125.97,0.5283971137412443,0.0,0.0,0.0,0.0,0.0
126.02,0.5706960689872073,0.0,0.0,0.0,0.0,0.0
126.07,0.5520830650125037,0.0,0.0,0.0,0.0,0.0
126.12,0.5450756801652035,0.0,0.0,0.0,0.0,0.0
126.17,0.5353942684296854,0.0,0.0,0.0,0.0,0.0
126.22,0.5367437614836933,0.0,0.0,0.0,0.0,0.0
126.27,0.5941833241114864,0.0,0.0,0.0,0.0,0.0
126.32,0.5149671870683495,0.0,0.0,0.0,0.0,0.0
126.37,0.5457308824225513,0.0,0.0,0.0,0.0,0.0
126.42,0.5451456215589882,0.0,0.0,0.0,0.0,0.0
126.47,0.5719712920452922,0.0,0.0,0.0,0.0,0.0
126.52,0.49103401964125826,0.0,0.0,0.0,0.0,0.0
126.57,0.6228602316031842,0.0,0.0,0.0,0.0,0.0
126.62,0.5000045342859116,0.0,0.0,0.0,0.0,0.0
126.67,0.5445584534500254,0.0,0.0,0.0,0.0,0.0
126.72,0.48006211220782863,0.0,0.0,0.0,0.0,0.0
126.77,0.5602605781296821,0.0,0.0,0.0,0.0,0.0
126.82,0.5761517772597254,0.0,0.0,0.0,0.0,0.0
126.87,0.5521061772335809,0.0,0.0,0.0,0.0,0.0
126.92,0.5282152446910603,0.0,0.0,0.0,0.0,0.0
126.97,0.5190234914135726,0.0,0.0,0.0,0.0,0.0
127.02,0.49201806763116385,0.0,0.0,0.0,0.0,0.0
127.07,0.5247222728540557,0.0,0.0,0.0,0.0,0.0
127.12,0.5884409835483134,0.0,0.0,0.0,0.0,0.0
127.17,0.5245721940875708,0.0,0.0,0.0,0.0,0.0
127.22,0.5214606959288208,0.0,0.0,0.0,0.0,0.0
127.27,0.4993029267861672,0.0,0.0,0.0,0.0,0.0
127.32,0.4878657095486872,0.0,0.0,0.0,0.0,0.0
127.37,0.47684038297658726,0.0,0.0,0.0,0.0,0.0
127.42,0.5133531324751907,0.0,0.0,0.0,0.0,0.0
127.47,0.5245468081282946,0.0,0.0,0.0,0.0,0.0
127.52,0.49316017856779204,0.0,0.0,0.0,0.0,0.0
127.57,0.4951525729524905,0.0,0.0,0.0,0.0,0.0
127.62,0.4656804740951868,0.0,0.0,0.0,0.0,0.0
127.67,0.4629345496849686,0.0,0.0,0.0,0.0,0.0
127.72,0.47555179605948567,0.0,0.0,0.0,0.0,0.0
127.77,0.5297596169159275,0.0,0.0,0.0,0.0,0.0
127.82,0.47050832067599,0.0,0.0,0.0,0.0,0.0
127.87,0.4661635168030561,0.0,0.0,0.0,0.0,0.0
127.92,0.4635268289869994,0.0,0.0,0.0,0.0,0.0
127.97,0.4362764446756262,0.0,0.0,0.0,0.0,0.0
128.02,0.47148967140353687,0.0,0.0,0.0,0.0,0.0
128.07,0.5062844565223522,0.0,0.0,0.0,0.0,0.0
128.12,0.4763228635783837,0.0,0.0,0.0,0.0,0.0
128.17,0.4699373118322605,0.0,0.0,0.0,0.0,0.0
128.22,0.4482118658757483,0.0,0.0,0.0,0.0,0.0
128.27,0.43032104078380534,0.0,0.0,0.0,0.0,0.0
128.32,0.3865867825926841,0.0,0.0,0.0,0.0,0.0
128.37,0.5519762319567144,0.0,0.0,0.0,0.0,0.0
128.42,0.40544625788713284,0.0,0.0,0.0,0.0,0.0
128.47,0.4844777755779323,0.0,0.0,0.0,0.0,0.0
128.52,0.411724665512513,0.0,0.0,0.0,0.0,0.0
128.57,0.4510457646166853,0.0,0.0,0.0,0.0,0.0
128.62,0.41293710694726815,0.0,0.0,0.0,0.0,0.0
128.67,0.5157393170797326,0.0,0.0,0.0,0.0,0.0
128.72,0.42862962410937216,0.0,0.0,0.0,0.0,0.0
128.77,0.45879852893701817,0.0,0.0,0.0,0.0,0.0
128.82,0.4178752516286621,0.0,0.0,0.0,0.0,0.0
128.87,0.4390280434158577,0.0,0.0,0.0,0.0,0.0
128.92,0.5125657256094235,0.0,0.0,0.0,0.0,0.0
128.97,0.4103024627942349,0.0,0.0,0.0,0.0,0.0
129.02,0.46180097476416765,0.0,0.0,0.0,0.0,0.0
129.07,0.4144705317615643,0.0,0.0,0.0,0.0,0.0
129.11,0.4559979742204667,0.0,0.0,0.0,0.0,0.0
129.16,0.3966683429314762,0.0,0.0,0.0,0.0,0.0
129.21,0.42531986865577703,0.0,0.0,0.0,0.0,0.0
129.26,0.3473713015042052,0.0,0.0,0.0,0.0,0.0
129.31,0.5147373409835265,0.0,0.0,0.0,0.0,0.0
129.36,0.378303814330768,0.0,0.0,0.0,0.0,0.0
129.41,0.4544582535377595,0.0,0.0,0.0,0.0,0.0
129.46,0.39665057944440557,0.0,0.0,0.0,0.0,0.0
129.51,0.40461333369435754,0.0,0.0,0.0,0.0,0.0
129.56,0.3576874655392258,0.0,0.0,0.0,0.0,0.0
129.61,0.5080492583974696,0.0,0.0,0.0,0.0,0.0
129.66,0.37296643055116174,0.0,0.0,0.0,0.0,0.0
129.71,0.44393091553474184,0.0,0.0,0.0,0.0,0.0
129.76,0.3594070950141957,0.0,0.0,0.0,0.0,0.0
129.81,0.4134217096010989,0.0,0.0,0.0,0.0,0.0
129.86,0.4420641951959973,0.0,0.0,0.0,0.0,0.0
129.91,0.3882047269681204,0.0,0.0,0.0,0.0,0.0
129.96,0.4352092329218649,0.0,0.0,0.0,0.0,0.0
130.01,0.44495584657043874,0.0,0.0,0.0,0.0,0.0
130.06,0.3656917171071833,0.0,0.0,0.0,0.0,0.0
130.11,0.4902167222172783,0.0,0.0,0.0,0.0,0.0
130.16,0.383756413178674,0.0,0.0,0.0,0.0,0.0
130.21,0.44680465094301464,0.0,0.0,0.0,0.0,0.0
130.27,0.38308610304043905,0.0,0.0,0.0,0.0,0.0
130.31,0.4429235056419985,0.0,0.0,0.0,0.0,0.0
130.36,0.4396606203396193,0.0,0.0,0.0,0.0,0.0
130.41,0.4252870407474882,0.0,0.0,0.0,0.0,0.0
130.46,0.42508914839234396,0.0,0.0,0.0,0.0,0.0
130.51,0.41773530887367166,0.0,0.0,0.0,0.0,0.0
130.56,0.4081176203900123,0.0,0.0,0.0,0.0,0.0
130.61,0.42196519528448967,0.0,0.0,0.0,0.0,0.0
130.66,0.4553588312535113,0.0,0.0,0.0,0.0,0.0
130.71,0.41652463360672454,0.0,0.0,0.0,0.0,0.0
130.76,0.43692701533747574,0.0,0.0,0.0,0.0,0.0
130.81,0.42930510389253057,0.0,0.0,0.0,0.0,0.0
130.86,0.4121298708159239,0.0,0.0,0.0,0.0,0.0
130.91,0.3943016313214076,0.0,0.0,0.0,0.0,0.0
130.96,0.4110266826498366,0.0,0.0,0.0,0.0,0.0
131.01,0.4741004555793276,0.0,0.0,0.0,0.0,0.0
131.06,0.40665135848354417,0.0,0.0,0.0,0.0,0.0
131.11,0.43502812524271056,0.0,0.0,0.0,0.0,0.0
131.16,0.4043408883619035,0.0,0.0,0.0,0.0,0.0
131.21,0.419386399865289,0.0,0.0,0.0,0.0,0.0
131.26,0.41276391411813257,0.0,0.0,0.0,0.0,0.0
131.31,0.4573019812454499,0.0,0.0,0.0,0.0,0.0
131.36,0.4172316433303022,0.0,0.0,0.0,0.0,0.0
131.41,0.44676681911886856,0.0,0.0,0.0,0.0,0.0
131.46,0.42511663274571654,0.0,0.0,0.0,0.0,0.0
131.51,0.4102776666026814,0.0,0.0,0.0,0.0,0.0
131.56,0.3813751746233847,0.0,0.0,0.0,0.0,0.0
131.61,0.48812740743034666,0.0,0.0,0.0,0.0,0.0
131.66,0.4007451038841765,0.0,0.0,0.0,0.0,0.0
131.71,0.46674377464536276,0.0,0.0,0.0,0.0,0.0
131.76,0.4192961392949297,0.0,0.0,0.0,0.0,0.0
131.81,0.42743478345376584,0.0,0.0,0.0,0.0,0.0
131.86,0.3592214740040175,0.0,0.0,0.0,0.0,0.0
131.91,0.5044048485953128,0.0,0.0,0.0,0.0,0.0
131.96,0.40505733155350643,0.0,0.0,0.0,0.0,0.0
132.01,0.4770092717792638,0.0,0.0,0.0,0.0,0.0
132.06,0.39836402749283367,0.0,0.0,0.0,0.0,0.0
132.11,0.4295822275388678,0.0,0.0,0.0,0.0,0.0
132.16,0.381635181853041,0.0,0.0,0.0,0.0,0.0
132.21,0.3817486758298355,0.0,0.0,0.0,0.0,0.0
132.26,0.33894401094324134,0.0,0.0,0.0,0.0,0.0
132.31,0.337219419294808,0.0,0.0,0.0,0.0,0.0
132.36,0.3255636240159775,0.0,0.0,0.0,0.0,0.0
132.41,0.28951067091337657,0.0,0.0,0.0,0.0,0.0
132.46,0.275138198985232,0.0,0.0,0.0,0.0,0.0
132.51,0.2576361713014326,0.0,0.0,0.0,0.0,0.0
132.56,0.2802266530976296,0.0,0.0,0.0,0.0,0.0
132.61,0.26525467329611,0.0,0.0,0.0,0.0,0.0
132.66,0.23464763251689663,0.0,0.0,0.0,0.0,0.0
132.71,0.2702615373690208,0.0,0.0,0.0,0.0,0.0
132.76,0.23169029387258405,0.0,0.0,0.0,0.0,0.0
132.81,0.2136908577363117,0.0,0.0,0.0,0.0,0.0
132.86,0.22387435258666438,0.0,0.0,0.0,0.0,0.0
132.91,0.20242406155407366,0.0,0.0,0.0,0.0,0.0
132.96,0.23388659628839475,0.0,0.0,0.0,0.0,0.0
133.01,0.24304266776325192,0.0,0.0,0.0,0.0,0.0
133.06,0.21328514629367282,0.0,0.0,0.0,0.0,0.0
133.11,0.1734851624898729,0.0,0.0,0.0,0.0,0.0
133.16,0.20064488462624885,0.0,0.0,0.0,0.0,0.0
133.21,0.20126341735512493,0.0,0.0,0.0,0.0,0.0
133.26,0.2057844399987189,0.0,0.0,0.0,0.0,0.0
133.31,0.23222780328498754,0.0,0.0,0.0,0.0,0.0
133.36,0.2014867733147803,0.0,0.0,0.0,0.0,0.0
133.41,0.22316733698271105,0.0,0.0,0.0,0.0,0.0
133.46,0.1724747404678745,0.0,0.0,0.0,0.0,0.0
133.51,0.18741654809928834,0.0,0.0,0.0,0.0,0.0
133.56,0.1872634060138482,0.0,0.0,0.0,0.0,0.0
133.61,0.2592822902972827,0.0,0.0,0.0,0.0,0.0
133.66,0.20399827859578726,0.0,0.0,0.0,0.0,0.0
133.71,0.22528450582846724,0.0,0.0,0.0,0.0,0.0
133.76,0.20662535652826372,0.0,0.0,0.0,0.0,0.0
133.81,0.2071878341889314,0.0,0.0,0.0,0.0,0.0
133.86,0.2473712060761174,0.0,0.0,0.0,0.0,0.0
133.91,0.23058908765621589,0.0,0.0,0.0,0.0,0.0
133.96,0.2813370079554539,0.0,0.0,0.0,0.0,0.0
134.01,0.2147513395862385,0.0,0.0,0.0,0.0,0.0
134.06,0.23214225674474942,0.0,0.0,0.0,0.0,0.0
134.11,0.27265790333889994,0.0,0.0,0.0,0.0,0.0
134.16,0.24370493634950663,0.0,0.0,0.0,0.0,0.0
134.21,0.25090294196814233,0.0,0.0,0.0,0.0,0.0
134.26,0.23183003582584694,0.0,0.0,0.0,0.0,0.0
134.31,0.24252077562186264,0.0,0.0,0.0,0.0,0.0
134.36,0.3005637577384015,0.0,0.0,0.0,0.0,0.0
134.41,0.2504326801793228,0.0,0.0,0.0,0.0,0.0
134.46,0.31807316790802914,0.0,0.0,0.0,0.0,0.0
134.51,0.25776177970215375,0.0,0.0,0.0,0.0,0.0
134.56,0.2682455482099005,0.0,0.0,0.0,0.0,0.0
134.61,0.29827892180002347,0.0,0.0,0.0,0.0,0.0
134.66,0.2805288201343995,0.0,0.0,0.0,0.0,0.0
134.71,0.3087092993519411,0.0,0.0,0.0,0.0,0.0
134.76,0.2733382460195303,0.0,0.0,0.0,0.0,0.0
134.81,0.25331936095100177,0.0,0.0,0.0,0.0,0.0
134.86,0.25899545556456127,0.0,0.0,0.0,0.0,0.0
134.91,0.23414852245691925,0.0,0.0,0.0,0.0,0.0
134.96,0.2597199949473534,0.0,0.0,0.0,0.0,0.0
135.01,0.26337333956337455,0.0,0.0,0.0,0.0,0.0
135.06,0.22135332815972145,0.0,0.0,0.0,0.0,0.0
135.11,0.21219183960517737,0.0,0.0,0.0,0.0,0.0
135.16,0.2013293576622329,0.0,0.0,0.0,0.0,0.0
135.21,0.19613265973775368,0.0,0.0,0.0,0.0,0.0
135.26,0.19666643529493394,0.0,0.0,0.0,0.0,0.0
135.31,0.1957593822146052,0.0,0.0,0.0,0.0,0.0
135.36,0.19493487303474127,0.0,0.0,0.0,0.0,0.0
135.41,0.156811318098763,0.0,0.0,0.0,0.0,0.0
135.46,0.180240603093963,0.0,0.0,0.0,0.0,0.0
135.51,0.12996891556362675,0.0,0.0,0.0,0.0,0.0
135.56,0.14228369035178115,0.0,0.0,0.0,0.0,0.0
135.61,0.12088669671357259,0.0,0.0,0.0,0.0,0.0
135.66,0.1396239606953668,0.0,0.0,0.0,0.0,0.0
135.71,0.11005021103850202,0.0,0.0,0.0,0.0,0.0
135.76,0.16086972752573467,0.0,0.0,0.0,0.0,0.0
135.81,0.10350912710138588,0.0,0.0,0.0,0.0,0.0
135.86,0.11808814873897125,0.0,0.0,0.0,0.0,0.0
135.91,0.15016727395358478,0.0,0.0,0.0,0.0,0.0
135.96,0.1125239795244837,0.0,0.0,0.0,0.0,0.0
136.01,0.12498316202832209,0.0,0.0,0.0,0.0,0.0
136.06,0.12095579665827072,0.0,0.0,0.0,0.0,0.0
136.11,0.11852224611931389,0.0,0.0,0.0,0.0,0.0
136.16,0.12940809093870428,0.0,0.0,0.0,0.0,0.0
136.21,0.1354314567135116,0.0,0.0,0.0,0.0,0.0
136.26,0.11062801148115943,0.0,0.0,0.0,0.0,0.0
136.31,0.11509235034497717,0.0,0.0,0.0,0.0,0.0
136.36,0.10826054186556976,0.0,0.0,0.0,0.0,0.0
136.41,0.12720723527667938,0.0,0.0,0.0,0.0,0.0
136.46,0.12948103047957554,0.0,0.0,0.0,0.0,0.0
136.51,0.13436705443447822,0.0,0.0,0.0,0.0,0.0
136.56,0.1436809451896055,0.0,0.0,0.0,0.0,0.0
136.61,0.12958480442204365,0.0,0.0,0.0,0.0,0.0
136.66,0.1482979651140416,0.0,0.0,0.0,0.0,0.0
136.71,0.10234716995912471,0.0,0.0,0.0,0.0,0.0
136.76,0.13739714936673092,0.0,0.0,0.0,0.0,0.0
136.81,0.1509087743773388,0.0,0.0,0.0,0.0,0.0
136.86,0.11493853590168115,0.0,0.0,0.0,0.0,0.0
136.91,0.13121075261407927,0.0,0.0,0.0,0.0,0.0
136.96,0.13596449379618583,0.0,0.0,0.0,0.0,0.0
137.01,0.15426167731575838,0.0,0.0,0.0,0.0,0.0
137.06,0.15684174123414735,0.0,0.0,0.0,0.0,0.0
137.11,0.12337131670315651,0.0,0.0,0.0,0.0,0.0
137.16,0.15605224772165394,0.0,0.0,0.0,0.0,0.0
137.21,0.15304194584085995,0.0,0.0,0.0,0.0,0.0
137.26,0.1626975530868734,0.0,0.0,0.0,0.0,0.0
137.31,0.1358063891392696,0.0,0.0,0.0,0.0,0.0
137.36,0.12783233650810316,0.0,0.0,0.0,0.0,0.0
137.41,0.14676796945679896,0.0,0.0,0.0,0.0,0.0
137.46,0.16075909981435768,0.0,0.0,0.0,0.0,0.0
137.51,0.14588846118744908,0.0,0.0,0.0,0.0,0.0
137.56,0.1748236587252897,0.0,0.0,0.0,0.0,0.0
137.61,0.14799383079434483,0.0,0.0,0.0,0.0,0.0
137.66,0.1525191659262678,0.0,0.0,0.0,0.0,0.0
137.71,0.1816996161581026,0.0,0.0,0.0,0.0,0.0
137.76,0.17417538871959815,0.0,0.0,0.0,0.0,0.0
137.81,0.15542392724228937,0.0,0.0,0.0,0.0,0.0
137.86,0.13361457981642064,0.0,0.0,0.0,0.0,0.0
137.91,0.1548526165250646,0.0,0.0,0.0,0.0,0.0
137.96,0.16265573671685218,0.0,0.0,0.0,0.0,0.0
138.01,0.13058211773685022,0.0,0.0,0.0,0.0,0.0
138.06,0.16595758292066526,0.0,0.0,0.0,0.0,0.0
138.11,0.14110623334528394,0.0,0.0,0.0,0.0,0.0
138.16,0.14575183852264847,0.0,0.0,0.0,0.0,0.0
138.21,0.16470932468172333,0.0,0.0,0.0,0.0,0.0
138.26,0.1335937019402931,0.0,0.0,0.0,0.0,0.0
138.31,0.15040687802480016,0.0,0.0,0.0,0.0,0.0
138.36,0.13082447815541595,0.0,0.0,0.0,0.0,0.0
138.41,0.16514770777951843,0.0,0.0,0.0,0.0,0.0
138.46,0.16306576902023584,0.0,0.0,0.0,0.0,0.0
138.51,0.1361805572742572,0.0,0.0,0.0,0.0,0.0
138.56,0.15734450688438292,0.0,0.0,0.0,0.0,0.0
138.61,0.14157056030258777,0.0,0.0,0.0,0.0,0.0
138.66,0.18009850923302828,0.0,0.0,0.0,0.0,0.0
138.71,0.13383814158974677,0.0,0.0,0.0,0.0,0.0
138.76,0.15714925153620268,0.0,0.0,0.0,0.0,0.0
138.81,0.1869818963231774,0.0,0.0,0.0,0.0,0.0
138.86,0.16824561601871865,0.0,0.0,0.0,0.0,0.0
138.91,0.15768471146114466,0.0,0.0,0.0,0.0,0.0
138.96,0.13634891792800535,0.0,0.0,0.0,0.0,0.0
139.01,0.1465257045187222,0.0,0.0,0.0,0.0,0.0
139.06,0.14158188810813227,0.0,0.0,0.0,0.0,0.0
139.11,0.1863127015345871,0.0,0.0,0.0,0.0,0.0
139.16,0.13948003515725688,0.0,0.0,0.0,0.0,0.0
139.21,0.15984449929083333,0.0,0.0,0.0,0.0,0.0
139.26,0.1338987255817716,0.0,0.0,0.0,0.0,0.0
139.31,0.16370002464557004,0.0,0.0,0.0,0.0,0.0
139.36,0.12744009360885641,0.0,0.0,0.0,0.0,0.0
139.41,0.1193030938186523,0.0,0.0,0.0,0.0,0.0
139.46,0.12012969124391837,0.0,0.0,0.0,0.0,0.0
139.51,0.12478633706957967,0.0,0.0,0.0,0.0,0.0
139.56,0.12579265573981943,0.0,0.0,0.0,0.0,0.0
139.61,0.08913902115607823,0.0,0.0,0.0,0.0,0.0
139.66,0.085149282005951,0.0,0.0,0.0,0.0,0.0
139.71,0.05747591324045356,0.0,0.0,0.0,0.0,0.0
139.76,0.08318848207066103,0.0,0.0,0.0,0.0,0.0
139.81,0.08237979096045463,0.0,0.0,0.0,0.0,0.0
139.86,0.07464470811628861,0.0,0.0,0.0,0.0,0.0
139.91,0.05230901250392619,0.0,0.0,0.0,0.0,0.0
139.96,0.04209507262199349,0.0,0.0,0.0,0.0,0.0
140.01,0.04800519046201888,0.0,0.0,0.0,0.0,0.0
140.06,0.03496128498317509,0.0,0.0,0.0,0.0,0.0
140.11,0.05152957401410128,0.0,0.0,0.0,0.0,0.0
140.16,0.03693288667726224,0.0,0.0,0.0,0.0,0.0
140.21,0.033453519484112224,0.0,0.0,0.0,0.0,0.0
140.26,0.018901541207200445,0.0,0.0,0.0,0.0,0.0
140.31,0.017561387234070032,0.0,0.0,0.0,0.0,0.0
140.36,0.05038998541666252,0.0,0.0,0.0,0.0,0.0
140.41,0.03281001092757724,0.0,0.0,0.0,0.0,0.0
140.46,0.028948337950394153,0.0,0.0,0.0,0.0,0.0
140.51,0.03264650760903915,0.0,0.0,0.0,0.0,0.0
140.56,0.03630108757657408,0.0,0.0,0.0,0.0,0.0
140.61,0.0241012628849555,0.0,0.0,0.0,0.0,0.0
140.66,0.044721168957711804,0.0,0.0,0.0,0.0,0.0
140.71,0.04943414081131206,0.0,0.0,0.0,0.0,0.0
140.76,0.02474642875479708,0.0,0.0,0.0,0.0,0.0
140.81,0.07185031083974062,0.0,0.0,0.0,0.0,0.0
140.86,0.06430080211310821,0.0,0.0,0.0,0.0,0.0
140.91,0.058366060055079216,0.0,0.0,0.0,0.0,0.0
140.96,0.037205679384028786,0.0,0.0,0.0,0.0,0.0
141.01,0.055154784766853426,0.0,0.0,0.0,0.0,0.0
141.06,0.05642134673567963,0.0,0.0,0.0,0.0,0.0
141.11,0.09565554793305661,0.0,0.0,0.0,0.0,0.0
141.16,0.0486829770403316,0.0,0.0,0.0,0.0,0.0
141.21,0.06283797407162393,0.0,0.0,0.0,0.0,0.0
141.26,0.04993547199300799,0.0,0.0,0.0,0.0,0.0
141.31,0.07208918713260162,0.0,0.0,0.0,0.0,0.0
141.36,0.07281295772466062,0.0,0.0,0.0,0.0,0.0
141.41,0.10639691147892529,0.0,0.0,0.0,0.0,0.0
141.46,0.059342551989283454,0.0,0.0,0.0,0.0,0.0
141.51,0.09002069117111414,0.0,0.0,0.0,0.0,0.0
141.56,0.06502119040494364,0.0,0.0,0.0,0.0,0.0
141.61,0.08004692199488378,0.0,0.0,0.0,0.0,0.0
141.66,0.08296609694671153,0.0,0.0,0.0,0.0,0.0
141.71,0.10193793166874013,0.0,0.0,0.0,0.0,0.0
141.76,0.06909757495596844,0.0,0.0,0.0,0.0,0.0
141.81,0.09889563924152572,0.0,0.0,0.0,0.0,0.0
141.86,0.08947581759980897,0.0,0.0,0.0,0.0,0.0
141.91,0.10167380734466301,0.0,0.0,0.0,0.0,0.0
141.96,0.060510536994859476,0.0,0.0,0.0,0.0,0.0
142.01,0.07730597366015876,0.0,0.0,0.0,0.0,0.0
142.06,0.07136808905588277,0.0,0.0,0.0,0.0,0.0
142.11,0.09072954242492273,0.0,0.0,0.0,0.0,0.0
142.16,0.06803184947416416,0.0,0.0,0.0,0.0,0.0
142.21,0.06950399734862936,0.0,0.0,0.0,0.0,0.0
142.26,0.08292735617329458,0.0,0.0,0.0,0.0,0.0
142.31,0.0253321925635865,0.0,0.0,0.0,0.0,0.0
142.36,0.05628833177188643,0.0,0.0,0.0,0.0,0.0
142.41,0.053992925116775885,0.0,0.0,0.0,0.0,0.0
142.46,0.07269861367069283,0.0,0.0,0.0,0.0,0.0
142.51,0.041469019779036866,0.0,0.0,0.0,0.0,0.0
142.56,0.042246959775844355,0.0,0.0,0.0,0.0,0.0
142.61,0.021335375705242833,0.0,0.0,0.0,0.0,0.0
142.66,0.04095958604797086,0.0,0.0,0.0,0.0,0.0
142.71,0.05466866228851778,0.0,0.0,0.0,0.0,0.0
142.76,0.013731781988904429,0.0,0.0,0.0,0.0,0.0
142.81,0.024664299788283568,0.0,0.0,0.0,0.0,0.0
142.86,0.04695582700830823,0.0,0.0,0.0,0.0,0.0
142.91,0.030414840563388522,0.0,0.0,0.0,0.0,0.0
142.96,0.026039404436671555,0.0,0.0,0.0,0.0,0.0
143.01,0.03275805732936812,0.0,0.0,0.0,0.0,0.0
143.06,-0.009510348413631665,0.0,0.0,0.0,0.0,0.0
143.11,0.0356615145127517,0.0,0.0,0.0,0.0,0.0
143.16,0.0013582172349682758,0.0,0.0,0.0,0.0,0.0
143.21,0.013356547793406314,0.0,0.0,0.0,0.0,0.0
143.26,0.014219785268261231,0.0,0.0,0.0,0.0,0.0
143.31,0.004666864644712158,0.0,0.0,0.0,0.0,0.0
143.36,-0.010200581782983768,0.0,0.0,0.0,0.0,0.0
143.41,-0.0025194125328579613,0.0,0.0,0.0,0.0,0.0
143.46,-0.002781008539645219,0.0,0.0,0.0,0.0,0.0
143.51,0.016503588585670283,0.0,0.0,0.0,0.0,0.0
143.56,0.003035445170113815,0.0,0.0,0.0,0.0,0.0
143.61,-0.006816035360116695,0.0,0.0,0.0,0.0,0.0
143.65,0.01588350176991354,0.0,0.0,0.0,0.0,0.0
143.71,0.010692491887577434,0.0,0.0,0.0,0.0,0.0
143.76,0.001561958599229429,0.0,0.0,0.0,0.0,0.0
143.81,-0.0029836801234550177,0.0,0.0,0.0,0.0,0.0
143.86,0.012923349555111053,0.0,0.0,0.0,0.0,0.0
143.91,0.00720430821061423,0.0,0.0,0.0,0.0,0.0
143.95,-0.005037001384404206,0.0,0.0,0.0,0.0,0.0
144.01,0.01762494973454306,0.0,0.0,0.0,0.0,0.0
144.06,0.004170212357163271,0.0,0.0,0.0,0.0,0.0
144.11,0.009414353885548022,0.0,0.0,0.0,0.0,0.0
144.16,0.02384015252593375,0.0,0.0,0.0,0.0,0.0
144.21,0.007927767740989458,0.0,0.0,0.0,0.0,0.0
144.26,0.00995423281424149,0.0,0.0,0.0,0.0,0.0
144.31,-0.008595631632596657,0.0,0.0,0.0,0.0,0.0
144.36,0.0019006008657906567,0.0,0.0,0.0,0.0,0.0
144.41,0.006319300960838104,0.0,0.0,0.0,0.0,0.0
144.46,0.026613823912994123,0.0,0.0,0.0,0.0,0.0
144.51,0.03098716515749144,0.0,0.0,0.0,0.0,0.0
144.56,0.018201908761254514,0.0,0.0,0.0,0.0,0.0
144.61,-0.004791727727232478,0.0,0.0,0.0,0.0,0.0
144.66,0.01372820506016539,0.0,0.0,0.0,0.0,0.0
144.71,0.006998039785327885,0.0,0.0,0.0,0.0,0.0
144.76,0.03182766869436728,0.0,0.0,0.0,0.0,0.0
144.81,0.036535223849414725,0.0,0.0,0.0,0.0,0.0
144.86,0.01775474763541756,0.0,0.0,0.0,0.0,0.0
144.91,0.010688695124501027,0.0,0.0,0.0,0.0,0.0
144.96,0.03053272309889764,0.0,0.0,0.0,0.0,0.0
145.01,0.0024302631212161736,0.0,0.0,0.0,0.0,0.0
145.06,0.010082038628920792,0.0,0.0,0.0,0.0,0.0
145.11,0.006618943319367592,0.0,0.0,0.0,0.0,0.0
145.16,0.027574502905123255,0.0,0.0,0.0,0.0,0.0
145.21,-0.0022337758783452424,0.0,0.0,0.0,0.0,0.0
145.26,0.007731779072195737,0.0,0.0,0.0,0.0,0.0
145.31,-0.006136903746252834,0.0,0.0,0.0,0.0,0.0
145.36,0.01328189421072244,0.0,0.0,0.0,0.0,0.0
145.41,0.00889117261445033,0.0,0.0,0.0,0.0,0.0
145.46,0.01164774542842279,0.0,0.0,0.0,0.0,0.0
145.51,0.001011979344689596,0.0,0.0,0.0,0.0,0.0
145.56,0.008923120857055128,0.0,0.0,0.0,0.0,0.0
145.61,0.01679862461083781,0.0,0.0,0.0,0.0,0.0
145.66,0.019545234164298597,0.0,0.0,0.0,0.0,0.0
145.71,0.011129514519580191,0.0,0.0,0.0,0.0,0.0
145.76,0.04506348258492784,0.0,0.0,0.0,0.0,0.0
145.81,0.04049948874085665,0.0,0.0,0.0,0.0,0.0
145.86,0.034790942186091856,0.0,0.0,0.0,0.0,0.0
145.91,0.018743283678519337,0.0,0.0,0.0,0.0,0.0
145.96,0.02437078584468492,0.0,0.0,0.0,0.0,0.0
146.01,0.05705535865873225,0.0,0.0,0.0,0.0,0.0
146.06,0.027634862535962326,0.0,0.0,0.0,0.0,0.0
146.11,0.04710465476484995,0.0,0.0,0.0,0.0,0.0
146.16,0.042350735224516836,0.0,0.0,0.0,0.0,0.0
146.21,0.05699892699207454,0.0,0.0,0.0,0.0,0.0
146.26,0.06016017890475692,0.0,0.0,0.0,0.0,0.0
146.31,0.042588809311719704,0.0,0.0,0.0,0.0,0.0
146.36,0.060070434644258014,0.0,0.0,0.0,0.0,0.0
146.41,0.029729731547349484,0.0,0.0,0.0,0.0,0.0
146.45,0.059391635553724356,0.0,0.0,0.0,0.0,0.0
146.5,0.056377458979147685,0.0,0.0,0.0,0.0,0.0
146.56,0.05389584390068895,0.0,0.0,0.0,0.0,0.0
146.61,0.038861826469899365,0.0,0.0,0.0,0.0,0.0
146.66,0.06822978270993373,0.0,0.0,0.0,0.0,0.0
146.71,0.06978690157613796,0.0,0.0,0.0,0.0,0.0
146.76,0.0586010289862009,0.0,0.0,0.0,0.0,0.0
146.81,0.04989436270762755,0.0,0.0,0.0,0.0,0.0
146.86,0.05460716501215802,0.0,0.0,0.0,0.0,0.0
146.91,0.051462866174735444,0.0,0.0,0.0,0.0,0.0
146.96,0.09629669765159621,0.0,0.0,0.0,0.0,0.0
147.01,0.027279327422104538,0.0,0.0,0.0,0.0,0.0
147.06,0.069176866571381,0.0,0.0,0.0,0.0,0.0
147.11,0.10894805884179609,0.0,0.0,0.0,0.0,0.0
147.16,0.041255268330568924,0.0,0.0,0.0,0.0,0.0
147.21,0.0626246799455967,0.0,0.0,0.0,0.0,0.0
147.26,0.05237842878319548,0.0,0.0,0.0,0.0,0.0
147.31,0.08270567279732774,0.0,0.0,0.0,0.0,0.0
147.36,0.06674276580743374,0.0,0.0,0.0,0.0,0.0
147.41,0.0674532043835096,0.0,0.0,0.0,0.0,0.0
147.46,0.06069306149662379,0.0,0.0,0.0,0.0,0.0
147.51,0.087051507438517,0.0,0.0,0.0,0.0,0.0
147.56,0.08343598565370348,0.0,0.0,0.0,0.0,0.0
147.61,0.07764906581806089,0.0,0.0,0.0,0.0,0.0
147.66,0.06472817823290603,0.0,0.0,0.0,0.0,0.0
147.71,0.06587085107357436,0.0,0.0,0.0,0.0,0.0
147.76,0.11069475197116897,0.0,0.0,0.0,0.0,0.0
147.81,0.09958454457496796,0.0,0.0,0.0,0.0,0.0
147.86,0.08856328963097337,0.0,0.0,0.0,0.0,0.0
147.91,0.08567660243468282,0.0,0.0,0.0,0.0,0.0
147.96,0.08947425595371694,0.0,0.0,0.0,0.0,0.0
148.01,0.1171221801011679,0.0,0.0,0.0,0.0,0.0
148.06,0.09537200019329874,0.0,0.0,0.0,0.0,0.0
148.11,0.14303488525260244,0.0,0.0,0.0,0.0,0.0
148.16,0.10932196834789185,0.0,0.0,0.0,0.0,0.0
148.21,0.12405932027934341,0.0,0.0,0.0,0.0,0.0
148.26,0.10508066612162364,0.0,0.0,0.0,0.0,0.0
148.3,0.1507368201594021,0.0,0.0,0.0,0.0,0.0
148.36,0.12422936550972653,0.0,0.0,0.0,0.0,0.0
148.41,0.13933153674678758,0.0,0.0,0.0,0.0,0.0
148.46,0.1378713287035868,0.0,0.0,0.0,0.0,0.0
148.51,0.17309464345351022,0.0,0.0,0.0,0.0,0.0
148.56,0.12586057198865136,0.0,0.0,0.0,0.0,0.0
148.61,0.15624832531680338,0.0,0.0,0.0,0.0,0.0
148.66,0.16249747007327925,0.0,0.0,0.0,0.0,0.0
148.71,0.15100906733435412,0.0,0.0,0.0,0.0,0.0
148.76,0.186014752144439,0.0,0.0,0.0,0.0,0.0
148.8,0.16836933561926745,0.0,0.0,0.0,0.0,0.0
148.86,0.15914594929832643,0.0,0.0,0.0,0.0,0.0
148.91,0.1686385918471212,0.0,0.0,0.0,0.0,0.0
148.96,0.21289456498287157,0.0,0.0,0.0,0.0,0.0
149.01,0.17074234238682573,0.0,0.0,0.0,0.0,0.0
149.06,0.19957137850238263,0.0,0.0,0.0,0.0,0.0
149.11,0.17505416068679222,0.0,0.0,0.0,0.0,0.0
149.16,0.19639273573725027,0.0,0.0,0.0,0.0,0.0
149.21,0.2677413950421589,0.0,0.0,0.0,0.0,0.0
149.26,0.2088192970128796,0.0,0.0,0.0,0.0,0.0
149.31,0.2555462795223844,0.0,0.0,0.0,0.0,0.0
149.36,0.2397118781014803,0.0,0.0,0.0,0.0,0.0
149.41,0.23791844636842954,0.0,0.0,0.0,0.0,0.0
149.46,0.31903666557808524,0.0,0.0,0.0,0.0,0.0
149.51,0.23696960517488855,0.0,0.0,0.0,0.0,0.0
149.56,0.27542690179187224,0.0,0.0,0.0,0.0,0.0
149.61,0.24750142833820643,0.0,0.0,0.0,0.0,0.0
149.65,0.27426490655789426,0.0,0.0,0.0,0.0,0.0
149.71,0.19968085162164215,0.0,0.0,0.0,0.0,0.0
149.76,0.24151999197059004,0.0,0.0,0.0,0.0,0.0
149.81,0.2079213082349042,0.0,0.0,0.0,0.0,0.0
149.86,0.18013424075794582,0.0,0.0,0.0,0.0,0.0
149.91,0.13471263721894586,0.0,0.0,0.0,0.0,0.0
149.95,0.09016305729821415,0.0,0.0,0.0,0.0,0.0
150.01,0.060102001725825874,0.0,0.0,0.0,0.0,0.0
150.06,0.051789477265314784,0.0,0.0,0.0,0.0,0.0
150.11,0.00033962255152253373,0.0,0.0,0.0,0.0,0.0
150.15,-0.024095109212826135,0.0,0.0,0.0,0.0,0.0
150.21,-0.04057012321219851,0.0,0.0,0.0,0.0,0.0
150.26,-0.054165591789561304,0.0,0.0,0.0,0.0,0.0
150.31,-0.11848490839897494,0.0,0.0,0.0,0.0,0.0
150.36,-0.09507866788405028,0.0,0.0,0.0,0.0,0.0
150.41,-0.13398045941666656,0.0,0.0,0.0,0.0,0.0
150.46,-0.17418415013392208,0.0,0.0,0.0,0.0,0.0
150.5,-0.16354465447987543,0.0,0.0,0.0,0.0,0.0
150.55,-0.17700190515380582,0.0,0.0,0.0,0.0,0.0
150.61,-0.18016113544442616,0.0,0.0,0.0,0.0,0.0
150.66,-0.21972691887347107,0.0,0.0,0.0,0.0,0.0
150.7,-0.22904501143872263,0.0,0.0,0.0,0.0,0.0
150.75,-0.2214518071385678,0.0,0.0,0.0,0.0,0.0
150.81,-0.22008484654106863,0.0,0.0,0.0,0.0,0.0
150.86,-0.2524632421234231,0.0,0.0,0.0,0.0,0.0
150.9,-0.3138927641764253,0.0,0.0,0.0,0.0,0.0
150.95,-0.34285688138352743,0.0,0.0,0.0,0.0,0.0
151.01,-0.34344466733359624,0.0,0.0,0.0,0.0,0.0
151.06,-0.3925449425342432,0.0,0.0,0.0,0.0,0.0
151.1,-0.39603036892562216,0.0,0.0,0.0,0.0,0.0
151.15,-0.4177731710797153,0.0,0.0,0.0,0.0,0.0
151.21,-0.40673148761913536,0.0,0.0,0.0,0.0,0.0
151.26,-0.5066186046954861,0.0,0.0,0.0,0.0,0.0
151.3,-0.42314492137516946,0.0,0.0,0.0,0.0,0.0
151.36,-0.48631603452899397,0.0,0.0,0.0,0.0,0.0
151.41,-0.4447098634972825,0.0,0.0,0.0,0.0,0.0
151.46,-0.4565664288511298,0.0,0.0,0.0,0.0,0.0
151.51,-0.4810390136752173,0.0,0.0,0.0,0.0,0.0
151.55,-0.48618622851582416,0.0,0.0,0.0,0.0,0.0
151.61,-0.5004015224260444,0.0,0.0,0.0,0.0,0.0
151.66,-0.43872591287102247,0.0,0.0,0.0,0.0,0.0
151.71,-0.44851402093711884,0.0,0.0,0.0,0.0,0.0
151.76,-0.4304655957874752,0.0,0.0,0.0,0.0,0.0
151.81,-0.45183977367987915,0.0,0.0,0.0,0.0,0.0
151.86,-0.41487746846719353,0.0,0.0,0.0,0.0,0.0
151.9,-0.4332962185659169,0.0,0.0,0.0,0.0,0.0
151.95,-0.39388627992930203,0.0,0.0,0.0,0.0,0.0
152.01,-0.3593751863596785,0.0,0.0,0.0,0.0,0.0
152.05,-0.4064478127931254,0.0,0.0,0.0,0.0,0.0
152.11,-0.34533611787860297,0.0,0.0,0.0,0.0,0.0
152.15,-0.36339287002509235,0.0,0.0,0.0,0.0,0.0
152.21,-0.2990496996965758,0.0,0.0,0.0,0.0,0.0
152.25,-0.3299364512971956,0.0,0.0,0.0,0.0,0.0
152.3,-0.3663628383438271,0.0,0.0,0.0,0.0,0.0
152.35,-0.31082284660549153,0.0,0.0,0.0,0.0,0.0
152.4,-0.32339703015692806,0.0,0.0,0.0,0.0,0.0
152.45,-0.2975254079055345,0.0,0.0,0.0,0.0,0.0
152.5,-0.2757913359138232,0.0,0.0,0.0,0.0,0.0
152.55,-0.2733097698345985,0.0,0.0,0.0,0.0,0.0
152.6,-0.30081872203332727,0.0,0.0,0.0,0.0,0.0
152.65,-0.2646748533458376,0.0,0.0,0.0,0.0,0.0
152.71,-0.31048535823482537,0.0,0.0,0.0,0.0,0.0
152.75,-0.25936952401482194,0.0,0.0,0.0,0.0,0.0
152.8,-0.26865168543902684,0.0,0.0,0.0,0.0,0.0
152.85,-0.2245878882743642,0.0,0.0,0.0,0.0,0.0
152.9,-0.2966768783834137,0.0,0.0,0.0,0.0,0.0
152.95,-0.28782714803360065,0.0,0.0,0.0,0.0,0.0
153.0,-0.30214508338912727,0.0,0.0,0.0,0.0,0.0
153.05,-0.29565693594985887,0.0,0.0,0.0,0.0,0.0
153.1,-0.30804939283875665,0.0,0.0,0.0,0.0,0.0
153.15,-0.31218612797372214,0.0,0.0,0.0,0.0,0.0
153.2,-0.2994723551711257,0.0,0.0,0.0,0.0,0.0
153.25,-0.3774033611732555,0.0,0.0,0.0,0.0,0.0
153.3,-0.3365505278599062,0.0,0.0,0.0,0.0,0.0
153.35,-0.37567616686517785,0.0,0.0,0.0,0.0,0.0
153.4,-0.341058380947278,0.0,0.0,0.0,0.0,0.0
153.45,-0.3517590785147567,0.0,0.0,0.0,0.0,0.0
153.5,-0.40233244065967544,0.0,0.0,0.0,0.0,0.0
153.55,-0.38164954651129546,0.0,0.0,0.0,0.0,0.0
153.6,-0.3806838537897885,0.0,0.0,0.0,0.0,0.0
153.65,-0.33210443563353226,0.0,0.0,0.0,0.0,0.0
153.7,-0.3345416656728695,0.0,0.0,0.0,0.0,0.0
153.75,-0.45517135843833123,0.0,0.0,0.0,0.0,0.0
153.8,-0.3314101010718689,0.0,0.0,0.0,0.0,0.0
153.85,-0.39801480944614914,0.0,0.0,0.0,0.0,0.0
153.9,-0.36706894856531147,0.0,0.0,0.0,0.0,0.0
153.95,-0.38326029307662,0.0,0.0,0.0,0.0,0.0
154.0,-0.4346259404498652,0.0,0.0,0.0,0.0,0.0
154.05,-0.3988558600669099,0.0,0.0,0.0,0.0,0.0
154.1,-0.4419707756949038,0.0,0.0,0.0,0.0,0.0
154.15,-0.4101885843721685,0.0,0.0,0.0,0.0,0.0
154.2,-0.4283778330635388,0.0,0.0,0.0,0.0,0.0
154.25,-0.4893310045574424,0.0,0.0,0.0,0.0,0.0
154.3,-0.4342763765634734,0.0,0.0,0.0,0.0,0.0
154.35,-0.46332594510031355,0.0,0.0,0.0,0.0,0.0
154.4,-0.4369555578213013,0.0,0.0,0.0,0.0,0.0
154.45,-0.47827330820983255,0.0,0.0,0.0,0.0,0.0
154.5,-0.4760533147326401,0.0,0.0,0.0,0.0,0.0
154.55,-0.44666837976713103,0.0,0.0,0.0,0.0,0.0
154.6,-0.4682874837789836,0.0,0.0,0.0,0.0,0.0
154.65,-0.49316204405794756,0.0,0.0,0.0,0.0,0.0
154.7,-0.431530511359523,0.0,0.0,0.0,0.0,0.0
154.75,-0.4448018796206791,0.0,0.0,0.0,0.0,0.0
154.8,-0.5046436783895526,0.0,0.0,0.0,0.0,0.0
154.85,-0.4627681542730252,0.0,0.0,0.0,0.0,0.0
154.9,-0.4960955419984207,0.0,0.0,0.0,0.0,0.0
154.95,-0.47380217796751334,0.0,0.0,0.0,0.0,0.0
155.0,-0.4687887988009174,0.0,0.0,0.0,0.0,0.0
155.05,-0.440771294680839,0.0,0.0,0.0,0.0,0.0
155.1,-0.5137384434113058,0.0,0.0,0.0,0.0,0.0
155.15,-0.4997721887150319,0.0,0.0,0.0,0.0,0.0
155.2,-0.5186482563371301,0.0,0.0,0.0,0.0,0.0
155.25,-0.4890784102855343,0.0,0.0,0.0,0.0,0.0
155.3,-0.4818076702125372,0.0,0.0,0.0,0.0,0.0
155.35,-0.45369393397247687,0.0,0.0,0.0,0.0,0.0
155.4,-0.5708114285373368,0.0,0.0,0.0,0.0,0.0
155.45,-0.5200378775917752,0.0,0.0,0.0,0.0,0.0
155.5,-0.5882021874781619,0.0,0.0,0.0,0.0,0.0
155.55,-0.4507022107656357,0.0,0.0,0.0,0.0,0.0
155.6,-0.5218183942950457,0.0,0.0,0.0,0.0,0.0
155.65,-0.48046159308765973,0.0,0.0,0.0,0.0,0.0
155.7,-0.6078296411710568,0.0,0.0,0.0,0.0,0.0
155.75,-0.5457506510276002,0.0,0.0,0.0,0.0,0.0
155.8,-0.5226690008579432,0.0,0.0,0.0,0.0,0.0
155.85,-0.5373073486452418,0.0,0.0,0.0,0.0,0.0
155.9,-0.522126075553364,0.0,0.0,0.0,0.0,0.0
155.95,-0.5182157984963309,0.0,0.0,0.0,0.0,0.0
156.0,-0.6011268049308447,0.0,0.0,0.0,0.0,0.0
156.05,-0.5844543824941031,0.0,0.0,0.0,0.0,0.0
156.1,-0.5576584423673335,0.0,0.0,0.0,0.0,0.0
156.15,-0.5459654108694201,0.0,0.0,0.0,0.0,0.0
156.2,-0.5192533371004552,0.0,0.0,0.0,0.0,0.0
156.25,-0.5430786044641709,0.0,0.0,0.0,0.0,0.0
156.3,-0.6147507561448005,0.0,0.0,0.0,0.0,0.0
156.35,-0.5580781879303377,0.0,0.0,0.0,0.0,0.0
156.4,-0.5888232632831071,0.0,0.0,0.0,0.0,0.0
156.45,-0.6162565542668582,0.0,0.0,0.0,0.0,0.0
156.5,-0.5299339856683422,0.0,0.0,0.0,0.0,0.0
156.55,-0.5714566374139901,0.0,0.0,0.0,0.0,0.0
156.6,-0.6039578996631446,0.0,0.0,0.0,0.0,0.0
156.65,-0.6376507348829372,0.0,0.0,0.0,0.0,0.0
156.7,-0.5936901475036177,0.0,0.0,0.0,0.0,0.0
156.75,-0.5709879915299252,0.0,0.0,0.0,0.0,0.0
156.8,-0.5865449909713353,0.0,0.0,0.0,0.0,0.0
156.85,-0.5657557239274239,0.0,0.0,0.0,0.0,0.0
156.9,-0.666443516122436,0.0,0.0,0.0,0.0,0.0
156.95,-0.5654700275405719,0.0,0.0,0.0,0.0,0.0
157.0,-0.6556899878064547,0.0,0.0,0.0,0.0,0.0
157.05,-0.6409173888780157,0.0,0.0,0.0,0.0,0.0
157.1,-0.5809497567035552,0.0,0.0,0.0,0.0,0.0
157.15,-0.7126770648249321,0.0,0.0,0.0,0.0,0.0
157.2,-0.6146840391114983,0.0,0.0,0.0,0.0,0.0
157.25,-0.6400214744034168,0.0,0.0,0.0,0.0,0.0
157.3,-0.619611741258818,0.0,0.0,0.0,0.0,0.0
157.35,-0.6839824270238974,0.0,0.0,0.0,0.0,0.0
157.4,-0.6702660720835245,0.0,0.0,0.0,0.0,0.0
157.45,-0.7519979996492037,0.0,0.0,0.0,0.0,0.0
157.5,-0.6629818222504733,0.0,0.0,0.0,0.0,0.0
157.55,-0.71091507927735,0.0,0.0,0.0,0.0,0.0
157.6,-0.6532827297192841,0.0,0.0,0.0,0.0,0.0
157.65,-0.7518054581040511,0.0,0.0,0.0,0.0,0.0
157.7,-0.7422205917984406,0.0,0.0,0.0,0.0,0.0
157.75,-0.7733985405505104,0.0,0.0,0.0,0.0,0.0
157.8,-0.7308141457655457,0.0,0.0,0.0,0.0,0.0
157.85,-0.7366835943833239,0.0,0.0,0.0,0.0,0.0
157.9,-0.7237527872844595,0.0,0.0,0.0,0.0,0.0
157.95,-0.7092713033960393,0.0,0.0,0.0,0.0,0.0
158.0,-0.7468300712438174,0.0,0.0,0.0,0.0,0.0
158.05,-0.851481402346403,0.0,0.0,0.0,0.0,0.0
158.1,-0.7486423941059618,0.0,0.0,0.0,0.0,0.0
158.15,-0.7720766890823229,0.0,0.0,0.0,0.0,0.0
158.2,-0.7412169205240842,0.0,0.0,0.0,0.0,0.0
158.25,-0.7544639667926866,0.0,0.0,0.0,0.0,0.0
158.3,-0.7676489007704519,0.0,0.0,0.0,0.0,0.0
158.35,-0.8516597125552818,0.0,0.0,0.0,0.0,0.0
158.4,-0.7526158021514026,0.0,0.0,0.0,0.0,0.0
158.45,-0.7803673861464243,0.0,0.0,0.0,0.0,0.0
158.5,-0.7473274424887936,0.0,0.0,0.0,0.0,0.0
158.55,-0.7553650904656817,0.0,0.0,0.0,0.0,0.0
158.6,-0.7679142690472455,0.0,0.0,0.0,0.0,0.0
158.65,-0.8244488894329391,0.0,0.0,0.0,0.0,0.0
158.7,-0.7521285575415043,0.0,0.0,0.0,0.0,0.0
158.75,-0.7689058644982386,0.0,0.0,0.0,0.0,0.0
158.8,-0.7443597252459578,0.0,0.0,0.0,0.0,0.0
158.85,-0.7491504791891391,0.0,0.0,0.0,0.0,0.0
158.9,-0.6809961660160152,0.0,0.0,0.0,0.0,0.0
158.95,-0.8803079617040125,0.0,0.0,0.0,0.0,0.0
159.0,-0.6958136080379359,0.0,0.0,0.0,0.0,0.0
159.05,-0.8102529154961399,0.0,0.0,0.0,0.0,0.0
159.1,-0.6986856322229951,0.0,0.0,0.0,0.0,0.0
159.15,-0.7411389120405393,0.0,0.0,0.0,0.0,0.0
159.2,-0.6526903340814373,0.0,0.0,0.0,0.0,0.0
159.25,-0.8648643564974894,0.0,0.0,0.0,0.0,0.0
159.3,-0.6892820017672259,0.0,0.0,0.0,0.0,0.0
159.35,-0.7899281096164896,0.0,0.0,0.0,0.0,0.0
159.4,-0.692789038849663,0.0,0.0,0.0,0.0,0.0
159.45,-0.7368760504409082,0.0,0.0,0.0,0.0,0.0
159.5,-0.7138677861993609,0.0,0.0,0.0,0.0,0.0
159.55,-0.7978218233469643,0.0,0.0,0.0,0.0,0.0
159.6,-0.7065328391236937,0.0,0.0,0.0,0.0,0.0
159.65,-0.740794894821931,0.0,0.0,0.0,0.0,0.0
159.7,-0.6973439555206224,0.0,0.0,0.0,0.0,0.0
159.75,-0.7077879957909551,0.0,0.0,0.0,0.0,0.0
159.8,-0.7138415467465746,0.0,0.0,0.0,0.0,0.0
159.85,-0.8044761281347891,0.0,0.0,0.0,0.0,0.0
159.9,-0.7088978570414567,0.0,0.0,0.0,0.0,0.0
159.95,-0.7286707630937648,0.0,0.0,0.0,0.0,0.0
160.0,-0.7049527577896041,0.0,0.0,0.0,0.0,0.0
160.05,-0.6996911207896598,0.0,0.0,0.0,0.0,0.0
160.1,-0.6561104642639374,0.0,0.0,0.0,0.0,0.0
